Date,Time,Tournament,Player 1,Player 2
2026-02-20,Live,Delray Beach Open,Liam Draxl / Herbert Jody Maginley,Theo Arribage / Albano Olivetti
2026-02-20,12:00,Delray Beach Open,Chak Lam Coleman Wong,Flavio Cobolli
2026-02-20,13:30,Delray Beach Open,Sebastian Korda,Casper Ruud
2026-02-20,17:00,Delray Beach Open,Learner Tien,Frances Tiafoe
2026-02-20,19:00,Delray Beach Open,Taylor Fritz,Tommy Paul
2026-02-20,Final,Dubai Duty Free Tennis Championships,Anna Danilina / Aleksandra Krunic,Gabriela Dabrowski / Luisa Stefani
2026-02-20,Final,Dubai Duty Free Tennis Championships,Laura Siegemund / Vera Zvonareva,Jaqueline Cristian / Elena-Gabriela Ruse
2026-02-20,Live,Dubai Duty Free Tennis Championships,Elina Svitolina,Coco Gauff
2026-02-20,Final,Dubai Duty Free Tennis Championships,Jessica Pegula,Amanda Anisimova
2026-02-20,Final,Qatar ExxonMobil Open,Julian Cash / Lloyd Glasspool,Harri Heliovaara / Henry Patten
2026-02-20,10:30,Qatar ExxonMobil Open,Carlos Alcaraz,Andrey Rublev
2026-02-20,12:00,Qatar ExxonMobil Open,Arthur Fils,Jakub Mensik
2026-02-20,13:00,Rio Open presented by Claro,Vit Kopriva,Juan Manuel Cerundolo
2026-02-20,14:00,Rio Open presented by Claro,Tomas Martin Etcheverry,Jaime Faria
2026-02-20,16:00,Rio Open presented by Claro,Ignacio Buse,Matteo Berrettini
2026-02-20,17:30,Rio Open presented by Claro,Thiago Agustin Tirante,Alejandro Tabilo
2026-02-20,14:30,Rio Open presented by Claro,Sadio Doumbia / Fabien Reboul,Constantin Frantz√©n / Robin Haase
2026-02-20,16:00,Rio Open presented by Claro,Guido Andreozzi / Manuel Guinard,Felipe Meligeni Alves / Marcelo Zormann
2026-02-20,17:30,Rio Open presented by Claro,Jakob Schnaitter / Mark Wallner,Joao Fonseca / Marcelo Melo
2026-02-20,Live,Dow Tennis Classic,Anna Frey,Darja Vidmanova
2026-02-20,11:30,Dow Tennis Classic,Alina Charaeva,Nao Hibino
2026-02-20,13:00,Dow Tennis Classic,Katherine Sebov,Mary Stoiana
2026-02-20,18:00,Dow Tennis Classic,Elvina Kalieva,Guo Hanyu
2026-02-20,13:00,Dow Tennis Classic,Sabrina Santamaria / Tang Qianhui,Lea Ma / Darja Vidmanova
2026-02-20,19:30,Dow Tennis Classic,Quinn Gleason / Dalayna Hewitt,Alana Smith / Mary Stoiana
2026-02-20,TBD,Oeiras 2 Jamor Indoor,Carmen Corley / Ivana Corley,Francisca Jorge / Matilde Jorge
2026-02-20,Final,Oeiras 2 Jamor Indoor,Ayana Akli / Fiona Crawley,Viktoria Hruncakova / Gabriela Knutson
2026-02-20,Live,Oeiras 2 Jamor Indoor,Viktorija Golubic,Kaitlin Quevedo
2026-02-20,Final,Oeiras 2 Jamor Indoor,Daria Snigur,Sinja Kraus
2026-02-20,Final,Oeiras 2 Jamor Indoor,Viktoriya Tomova,Suzan Lamens
2026-02-20,Final,Oeiras 2 Jamor Indoor,Teodora Kostovic,Francisca Jorge
2026-02-20,11:00,Open Arena Les Sables d'Olonne,Andrea Lazaro Garcia,Diana Martynov
2026-02-20,Final,Open Arena Les Sables d'Olonne,Sofia Costoulas,Fiona Ferro
2026-02-20,Final,Open Arena Les Sables d'Olonne,Mona Barthel,Dominika Salkova
2026-02-20,Final,Open Arena Les Sables d'Olonne,Carol Young Suh Lee,Alina Korneeva
2026-02-20,Live,Open Arena Les Sables d'Olonne,Fiona Ferro / Harmony Tan,Aliona Bolsova / Irene Burillo
2026-02-20,Final,Open Arena Les Sables d'Olonne,Estelle Cascino / Feng Shuo,Carol Young Suh Lee / Anna Siskova
2026-02-21,TBD,Delray Beach Open,Benjamin Kittay / Ryan Seggerman,Robert Cash / JJ Tracy
2026-02-21,TBD,Dubai Duty Free Tennis Championships,Nikoloz Basilashvili,Alexander Shevchenko
2026-02-21,TBD,Dubai Duty Free Tennis Championships,Jan-Lennard Struff,Abdulrahman Al Janahi
2026-02-21,TBD,Dubai Duty Free Tennis Championships,Otto Virtanen,Aleksandar Vukic
2026-02-21,TBD,Dubai Duty Free Tennis Championships,Marco Trungelliti,Luca Nardi
2026-02-21,TBD,Dubai Duty Free Tennis Championships,Giovanni Mpetshi Perricard,Shintaro Mochizuki
2026-02-21,TBD,Dubai Duty Free Tennis Championships,Jan Choinski,Jesper De Jong
2026-02-21,TBD,Dubai Duty Free Tennis Championships,Quentin Halys,Christopher O'Connell
2026-02-21,TBD,Dubai Duty Free Tennis Championships,Botic Van De Zandschulp,Pablo Carreno Busta
2026-02-21,06:30,Dubai Duty Free Tennis Championships,Laura Siegemund / Vera Zvonareva,Gabriela Dabrowski / Luisa Stefani
2026-02-21,05:00,Oeiras 2 Jamor Indoor,Suzan Lamens,Daria Snigur
2026-02-21,09:00,Oeiras 2 Jamor Indoor,Carmen Corley / Ivana Corley,Viktoria Hruncakova / Gabriela Knutson
2026-02-21,TBD,Open Arena Les Sables d'Olonne,Alina Korneeva,Dominika Salkova
