ATP,Location,Tournament,Date,Series,Court,Surface,Round,Best of,Winner,Loser,WRank,LRank,WPts,LPts,W1,L1,W2,L2,W3,L3,W4,L4,W5,L5,Wsets,Lsets,Comment,B365W,B365L,PSW,PSL,MaxW,MaxL,AvgW,AvgL,BFEW,BFEL
1,Brisbane,Brisbane International,1/4/2026,ATP250,Outdoor,Hard,1st Round,3,Tiafoe F.,Vukic A.,30,87,1485,693,6,2,6,2,,,,,,,2,0,Completed,1.44,2.75,1.52,2.7,1.53,2.95,1.47,2.63,1.53,2.88
1,Brisbane,Brisbane International,1/4/2026,ATP250,Outdoor,Hard,1st Round,3,Tien L.,Ugo Carabelli C.,26,48,1540,1028,7,6,6,3,,,,,,,2,0,Completed,1.14,5.5,1.2,5.21,1.18,5.5,1.16,5.06,1.19,6
1,Brisbane,Brisbane International,1/5/2026,ATP250,Outdoor,Hard,1st Round,3,Korda S.,Vacherot V.,46,31,1090,1469,7,6,6,3,,,,,,,2,0,Completed,1.5,2.63,1.54,2.64,1.52,2.75,1.48,2.61,1.56,2.74
1,Brisbane,Brisbane International,1/5/2026,ATP250,Outdoor,Hard,1st Round,3,Michelsen A.,Duckworth J.,37,86,1300,694,6,7,7,6,6,3,,,,,2,1,Completed,1.73,2.1,1.73,2.22,1.8,2.2,1.71,2.11,1.75,2.28
1,Brisbane,Brisbane International,1/5/2026,ATP250,Outdoor,Hard,1st Round,3,Lehecka J.,Machac T.,19,35,2075,1360,6,4,6,7,6,2,,,,,2,1,Completed,1.5,2.63,1.52,2.71,1.57,2.75,1.49,2.56,1.54,2.76
1,Brisbane,Brisbane International,1/5/2026,ATP250,Outdoor,Hard,1st Round,3,Majchrzak K.,Altmaier D.,59,44,861,1123,7,6,6,0,,,,,,,2,0,Completed,1.91,1.91,,,1.95,1.91,1.91,1.84,2.02,1.94
1,Brisbane,Brisbane International,1/5/2026,ATP250,Outdoor,Hard,1st Round,3,Halys Q.,Popyrin A.,91,50,669,1000,5,7,6,3,6,4,,,,,2,1,Completed,2.5,1.53,2.49,1.6,2.5,1.57,2.4,1.55,2.6,1.61
1,Brisbane,Brisbane International,1/5/2026,ATP250,Outdoor,Hard,1st Round,3,Opelka R.,Sweeny D.,60,183,861,315,6,3,7,5,,,,,,,2,0,Completed,1.62,2.3,1.6,2.49,1.62,2.6,1.56,2.39,1.64,2.52
1,Brisbane,Brisbane International,1/5/2026,ATP250,Outdoor,Hard,1st Round,3,Medvedev D.,Fucsovics M.,13,54,2710,949,6,2,6,3,,,,,,,2,0,Completed,1.29,3.75,1.28,4.03,1.29,3.8,1.26,3.73,1.28,4.3
1,Brisbane,Brisbane International,1/6/2026,ATP250,Outdoor,Hard,1st Round,3,Collignon R.,Shapovalov D.,84,23,704,1665,6,4,6,2,,,,,,,2,0,Completed,2.1,1.73,2.03,1.86,2.2,1.78,2.06,1.74,2.14,1.86
1,Brisbane,Brisbane International,1/6/2026,ATP250,Outdoor,Hard,1st Round,3,Nakashima B.,Davidovich Fokina A.,33,14,1380,2585,7,6,6,4,,,,,,,2,0,Completed,2.5,1.53,2.4,1.63,2.5,1.65,2.35,1.57,2.48,1.66
1,Brisbane,Brisbane International,1/6/2026,ATP250,Outdoor,Hard,1st Round,3,Mpetshi G.,Paul T.,67,20,825,2050,7,6,3,6,7,6,,,,,2,1,Completed,2.75,1.44,2.73,1.51,2.75,1.55,2.64,1.47,2.84,1.52
1,Brisbane,Brisbane International,1/6/2026,ATP250,Outdoor,Hard,1st Round,3,Kovacevic A.,Kyrgios N.,58,670,877,50,6,3,6,4,,,,,,,2,0,Completed,1.62,2.3,1.6,2.47,1.65,2.5,1.6,2.29,1.59,2.66
1,Brisbane,Brisbane International,1/6/2026,ATP250,Outdoor,Hard,1st Round,3,Norrie C.,Humbert U.,28,36,1523,1355,1,6,7,6,7,5,,,,,2,1,Completed,2.2,1.67,2.21,1.74,2.2,1.8,2.1,1.72,2.3,1.75
1,Brisbane,Brisbane International,1/6/2026,ATP250,Outdoor,Hard,1st Round,3,Hijikata R.,Walton A.,111,77,546,732,6,3,6,2,,,,,,,2,0,Completed,1.73,2.1,1.79,2.13,1.76,2.1,1.73,2.08,1.8,2.22
1,Brisbane,Brisbane International,1/6/2026,ATP250,Outdoor,Hard,1st Round,3,Dimitrov G.,Carreno Busta P.,47,92,1080,656,6,3,6,2,,,,,,,2,0,Completed,1.44,2.75,1.51,2.74,1.55,2.8,1.47,2.67,1.52,2.9
1,Brisbane,Brisbane International,1/7/2026,ATP250,Outdoor,Hard,2nd Round,3,Michelsen A.,Tien L.,37,26,1300,1540,6,4,6,2,,,,,,,2,0,Completed,2.38,1.57,2.57,1.56,2.54,1.58,2.45,1.54,2.68,1.58
1,Brisbane,Brisbane International,1/7/2026,ATP250,Outdoor,Hard,2nd Round,3,Medvedev D.,Tiafoe F.,13,30,2710,1485,6,3,6,2,,,,,,,2,0,Completed,1.3,3.5,1.35,3.44,1.33,3.55,1.31,3.42,1.38,3.55
1,Brisbane,Brisbane International,1/7/2026,ATP250,Outdoor,Hard,2nd Round,3,Korda S.,Lehecka J.,46,19,1090,2075,6,3,1,2,,,,,,,1,0,Retired,2.2,1.67,2.51,1.58,2.35,1.71,2.25,1.62,2.52,1.63
1,Brisbane,Brisbane International,1/7/2026,ATP250,Outdoor,Hard,2nd Round,3,Majchrzak K.,Opelka R.,59,60,861,861,6,7,7,6,7,6,,,,,2,1,Completed,2,1.8,2.08,1.82,2.04,1.83,1.99,1.8,2.12,1.87
1,Brisbane,Brisbane International,1/8/2026,ATP250,Outdoor,Hard,2nd Round,3,Kovacevic A.,Norrie C.,58,28,877,1523,7,6,4,6,6,4,,,,,2,1,Completed,2.63,1.5,2.69,1.52,2.75,1.5,2.64,1.48,2.84,1.54
1,Brisbane,Brisbane International,1/8/2026,ATP250,Outdoor,Hard,2nd Round,3,Nakashima B.,Halys Q.,33,91,1380,669,6,2,6,4,,,,,,,2,0,Completed,1.44,2.75,1.44,3,1.45,2.88,1.43,2.77,1.48,3
1,Brisbane,Brisbane International,1/8/2026,ATP250,Outdoor,Hard,2nd Round,3,Mpetshi G.,Hijikata R.,67,111,825,546,4,6,7,6,7,6,,,,,2,1,Completed,1.57,2.38,1.65,2.35,1.65,2.38,1.6,2.29,1.68,2.42
1,Brisbane,Brisbane International,1/8/2026,ATP250,Outdoor,Hard,2nd Round,3,Collignon R.,Dimitrov G.,84,47,704,1080,7,6,6,3,,,,,,,2,0,Completed,2.75,1.44,2.76,1.5,2.75,1.53,2.63,1.48,2.84,1.53
1,Brisbane,Brisbane International,1/9/2026,ATP250,Outdoor,Hard,Quarterfinals,3,Kovacevic A.,Mpetshi G.,58,67,877,825,7,6,4,6,6,3,,,,,2,1,Completed,2.3,1.62,2.25,1.72,2.38,1.68,2.25,1.62,2.32,1.73
1,Brisbane,Brisbane International,1/9/2026,ATP250,Outdoor,Hard,Quarterfinals,3,Nakashima B.,Collignon R.,33,84,1380,704,6,3,6,3,,,,,,,2,0,Completed,1.62,2.3,1.68,2.32,1.83,2.3,1.66,2.18,1.75,2.3
1,Brisbane,Brisbane International,1/9/2026,ATP250,Outdoor,Hard,Quarterfinals,3,Michelsen A.,Korda S.,37,46,1300,1090,6,3,7,6,,,,,,,2,0,Completed,2.75,1.44,2.82,1.49,2.75,1.5,2.65,1.46,2.88,1.52
1,Brisbane,Brisbane International,1/9/2026,ATP250,Outdoor,Hard,Quarterfinals,3,Medvedev D.,Majchrzak K.,13,59,2710,861,6,7,6,3,6,2,,,,,2,1,Completed,1.14,5.5,1.17,5.95,1.18,6.5,1.15,5.38,1.17,6.8
1,Brisbane,Brisbane International,1/10/2026,ATP250,Outdoor,Hard,Semifinals,3,Nakashima B.,Kovacevic A.,33,58,1380,877,7,6,6,4,,,,,,,2,0,Completed,1.36,3.2,1.37,3.38,1.4,3.2,1.36,3.04,1.4,3.4
1,Brisbane,Brisbane International,1/10/2026,ATP250,Outdoor,Hard,Semifinals,3,Medvedev D.,Michelsen A.,13,37,2710,1300,6,4,6,2,,,,,,,2,0,Completed,1.25,4,,,1.29,4,1.26,3.77,1.32,4
1,Brisbane,Brisbane International,1/11/2026,ATP250,Outdoor,Hard,The Final,3,Medvedev D.,Nakashima B.,13,33,2710,1380,6,2,7,6,,,,,,,2,0,Completed,1.29,3.75,1.29,4.01,1.3,3.75,1.28,3.6,1.31,4.2
2,Hong Kong,Hong Kong Tennis Open,1/5/2026,ATP250,Outdoor,Hard,1st Round,3,Borges N.,Dzumhur D.,45,65,1120,837,6,4,6,3,,,,,,,2,0,Completed,1.44,2.75,1.47,2.88,1.49,2.8,1.44,2.69,1.51,2.88
2,Hong Kong,Hong Kong Tennis Open,1/5/2026,ATP250,Outdoor,Hard,1st Round,3,Cilic M.,Mannarino A.,70,68,765,817,6,3,6,2,,,,,,,2,0,Completed,1.8,2,1.77,2.16,1.81,2.06,1.76,2.02,1.83,2.16
2,Hong Kong,Hong Kong Tennis Open,1/5/2026,ATP250,Outdoor,Hard,1st Round,3,Wu Y.,Marozsan F.,179,53,322,975,6,4,6,2,,,,,,,2,0,Completed,2,1.8,2.23,1.72,2.2,1.84,2.08,1.72,2.32,1.74
2,Hong Kong,Hong Kong Tennis Open,1/6/2026,ATP250,Outdoor,Hard,1st Round,3,Etcheverry T.,Royer V.,57,56,895,924,6,4,7,5,,,,,,,2,0,Completed,1.8,2,1.95,1.93,1.91,2.1,1.84,1.93,2.02,1.96
2,Hong Kong,Hong Kong Tennis Open,1/6/2026,ATP250,Outdoor,Hard,1st Round,3,Sonego L.,Sakamoto R.,39,200,1240,292,6,2,7,6,,,,,,,2,0,Completed,1.44,2.75,1.51,2.74,1.5,2.75,1.46,2.63,1.52,2.84
2,Hong Kong,Hong Kong Tennis Open,1/6/2026,ATP250,Outdoor,Hard,1st Round,3,Muller A.,Kecmanovic M.,52,51,980,1000,7,5,6,4,,,,,,,2,0,Completed,2.3,1.62,2.26,1.7,2.3,1.73,2.23,1.62,2.26,1.75
2,Hong Kong,Hong Kong Tennis Open,1/6/2026,ATP250,Outdoor,Hard,1st Round,3,Wong C.,Navone M.,150,72,406,760,6,3,7,5,,,,,,,2,0,Completed,1.73,2.1,1.84,2.06,1.82,2.2,1.76,2.02,1.94,2.06
2,Hong Kong,Hong Kong Tennis Open,1/6/2026,ATP250,Outdoor,Hard,1st Round,3,Diallo G.,De Jong J.,40,71,1215,763,6,4,7,6,,,,,,,2,0,Completed,1.44,2.75,1.43,3.05,1.45,2.9,1.41,2.8,1.46,3.05
2,Hong Kong,Hong Kong Tennis Open,1/6/2026,ATP250,Outdoor,Hard,1st Round,3,Mmoh M.,Tabilo A.,285,81,184,717,7,5,6,4,,,,,,,2,0,Completed,2.3,1.62,2.38,1.65,2.6,1.68,2.35,1.57,2.48,1.66
2,Hong Kong,Hong Kong Tennis Open,1/6/2026,ATP250,Outdoor,Hard,1st Round,3,Van De Zandschulp B.,Struff J.L.,75,82,746,711,6,3,1,6,6,1,,,,,2,1,Completed,2.1,1.73,2.22,1.73,2.23,1.73,2.17,1.66,2.34,1.72
2,Hong Kong,Hong Kong Tennis Open,1/6/2026,ATP250,Outdoor,Hard,1st Round,3,Giron M.,Djere L.,64,95,845,652,6,2,6,0,,,,,,,2,0,Completed,1.67,2.2,1.73,2.22,1.73,2.2,1.69,2.11,1.72,2.32
2,Hong Kong,Hong Kong Tennis Open,1/6/2026,ATP250,Outdoor,Hard,1st Round,3,Shang J.,Comesana F.,406,66,115,829,6,4,6,4,,,,,,,2,0,Completed,1.5,2.63,1.55,2.61,1.6,2.63,1.5,2.53,1.55,2.78
2,Hong Kong,Hong Kong Tennis Open,1/7/2026,ATP250,Outdoor,Hard,2nd Round,3,Musetti L.,Etcheverry T.,7,57,3990,895,6,7,6,2,6,4,,,,,2,1,Completed,1.3,3.5,,,1.32,3.5,1.3,3.4,1.33,3.85
2,Hong Kong,Hong Kong Tennis Open,1/7/2026,ATP250,Outdoor,Hard,2nd Round,3,Borges N.,Cilic M.,45,70,1120,765,7,5,6,3,,,,,,,2,0,Completed,1.91,1.91,1.93,1.95,1.95,1.94,1.88,1.89,1.96,2.02
2,Hong Kong,Hong Kong Tennis Open,1/7/2026,ATP250,Outdoor,Hard,2nd Round,3,Wong C.,Diallo G.,150,40,406,1215,1,6,7,5,7,5,,,,,2,1,Completed,2.75,1.44,,,2.95,1.5,2.65,1.46,2.88,1.51
2,Hong Kong,Hong Kong Tennis Open,1/7/2026,ATP250,Outdoor,Hard,2nd Round,3,Rublev A.,Wu Y.,16,179,2510,322,3,6,6,2,6,1,,,,,2,1,Completed,1.44,2.75,1.51,2.6,1.5,2.75,1.47,2.61,1.51,2.96
2,Hong Kong,Hong Kong Tennis Open,1/8/2026,ATP250,Outdoor,Hard,2nd Round,3,Shang J.,Sonego L.,406,39,115,1240,6,3,6,4,,,,,,,2,0,Completed,1.62,2.3,1.69,2.29,1.68,2.3,1.63,2.23,1.73,2.34
2,Hong Kong,Hong Kong Tennis Open,1/8/2026,ATP250,Outdoor,Hard,2nd Round,3,Giron M.,Muller A.,64,52,845,980,6,4,7,6,,,,,,,2,0,Completed,1.8,2,1.8,2.11,1.84,2.01,1.79,1.99,1.84,2.16
2,Hong Kong,Hong Kong Tennis Open,1/8/2026,ATP250,Outdoor,Hard,2nd Round,3,Mmoh M.,Khachanov K.,285,17,184,2320,7,6,7,6,,,,,,,2,0,Completed,3.4,1.33,3.32,1.37,3.4,1.35,3.25,1.33,3.55,1.38
2,Hong Kong,Hong Kong Tennis Open,1/8/2026,ATP250,Outdoor,Hard,2nd Round,3,Bublik A.,Van De Zandschulp B.,11,75,2845,746,6,3,6,3,,,,,,,2,0,Completed,1.44,2.75,1.48,2.82,1.5,2.8,1.46,2.65,1.53,2.82
2,Hong Kong,Hong Kong Tennis Open,1/9/2026,ATP250,Outdoor,Hard,Quarterfinals,3,Musetti L.,Wong C.,7,150,3990,406,6,4,6,4,,,,,,,2,0,Completed,1.25,4,1.29,4.05,1.29,4,1.26,3.71,1.29,4.3
2,Hong Kong,Hong Kong Tennis Open,1/9/2026,ATP250,Outdoor,Hard,Quarterfinals,3,Rublev A.,Borges N.,16,45,2510,1120,6,3,6,4,,,,,,,2,0,Completed,1.44,2.75,1.53,2.69,1.5,2.75,1.47,2.62,1.58,2.72
2,Hong Kong,Hong Kong Tennis Open,1/9/2026,ATP250,Outdoor,Hard,Quarterfinals,3,Bublik A.,Shang J.,11,406,2845,115,6,1,7,6,,,,,,,2,0,Completed,1.53,2.5,,,1.58,2.5,1.54,2.42,1.61,2.6
2,Hong Kong,Hong Kong Tennis Open,1/9/2026,ATP250,Outdoor,Hard,Quarterfinals,3,Giron M.,Mmoh M.,64,285,845,184,6,3,1,0,,,,,,,1,0,Retired,1.57,2.38,1.62,2.46,1.62,2.4,1.57,2.35,1.63,2.54
2,Hong Kong,Hong Kong Tennis Open,1/10/2026,ATP250,Outdoor,Hard,Semifinals,3,Musetti L.,Rublev A.,7,16,3990,2510,6,7,7,5,6,4,,,,,2,1,Completed,1.8,2,,,1.91,2,1.83,1.95,2,1.98
2,Hong Kong,Hong Kong Tennis Open,1/10/2026,ATP250,Outdoor,Hard,Semifinals,3,Bublik A.,Giron M.,11,64,2845,845,3,6,6,4,6,2,,,,,2,1,Completed,1.29,3.75,,,1.3,3.75,1.28,3.6,1.31,4.1
2,Hong Kong,Hong Kong Tennis Open,1/11/2026,ATP250,Outdoor,Hard,The Final,3,Bublik A.,Musetti L.,11,7,2845,3990,7,6,6,3,,,,,,,2,0,Completed,1.8,2,1.86,2.05,1.87,2.05,1.8,1.98,1.93,2.06
3,Adelaide,Adelaide International,1/12/2026,ATP250,Outdoor,Hard,1st Round,3,Opelka R.,Popyrin A.,62,49,873,1000,6,3,7,6,,,,,,,2,0,Completed,2,1.8,2.07,1.83,2.08,1.85,2.01,1.77,2.12,1.86
3,Adelaide,Adelaide International,1/12/2026,ATP250,Outdoor,Hard,1st Round,3,Munar J.,Altmaier D.,38,44,1295,1123,6,3,6,0,,,,,,,2,0,Completed,1.4,3,1.41,3.14,1.44,3,1.39,2.9,1.43,3.25
3,Adelaide,Adelaide International,1/12/2026,ATP250,Outdoor,Hard,1st Round,3,Vacherot V.,Kecmanovic M.,32,59,1469,910,7,6,6,4,,,,,,,2,0,Completed,1.73,2.1,1.78,2.15,1.75,2.2,1.72,2.09,1.84,2.16
3,Adelaide,Adelaide International,1/12/2026,ATP250,Outdoor,Hard,1st Round,3,Humbert U.,Atmane T.,36,64,1355,862,6,3,7,6,,,,,,,2,0,Completed,1.3,3.5,1.38,3.3,1.36,3.5,1.33,3.27,1.39,3.5
3,Adelaide,Adelaide International,1/12/2026,ATP250,Outdoor,Hard,1st Round,3,Kokkinakis T.,Korda S.,670,51,50,975,3,6,6,3,7,6,,,,,2,1,Completed,3.5,1.3,3.47,1.35,3.6,1.35,3.37,1.31,3.55,1.38
3,Adelaide,Adelaide International,1/13/2026,ATP250,Outdoor,Hard,1st Round,3,Machac T.,Duckworth J.,35,86,1360,694,6,3,6,3,,,,,,,2,0,Completed,1.62,2.3,1.58,2.53,1.67,2.3,1.62,2.25,1.74,2.32
3,Adelaide,Adelaide International,1/13/2026,ATP250,Outdoor,Hard,1st Round,3,Hijikata R.,Schoolkate T.,115,97,527,641,6,4,6,4,,,,,,,2,0,Completed,1.62,2.3,1.71,2.25,1.67,2.3,1.63,2.23,1.8,2.22
3,Adelaide,Adelaide International,1/13/2026,ATP250,Outdoor,Hard,1st Round,3,Halys Q.,Fearnley J.,85,77,697,752,6,3,6,4,,,,,,,2,0,Completed,1.57,2.38,,,1.68,2.38,1.63,2.23,1.71,2.34
3,Adelaide,Adelaide International,1/13/2026,ATP250,Outdoor,Hard,1st Round,3,Shevchenko A.,Dzumhur D.,104,66,597,837,4,6,6,4,7,5,,,,,2,1,Completed,1.73,2.1,,,1.74,2.25,1.67,2.15,1.74,2.32
3,Adelaide,Adelaide International,1/13/2026,ATP250,Outdoor,Hard,1st Round,3,Vavassori A.,Diallo G.,336,41,147,1215,6,3,7,6,,,,,,,2,0,Completed,3.4,1.33,,,3.5,1.9,3.05,1.42,3.75,1.35
3,Adelaide,Adelaide International,1/13/2026,ATP250,Outdoor,Hard,1st Round,3,Fucsovics M.,Quinn E.,55,78,949,733,6,4,6,4,,,,,,,2,0,Completed,1.8,2,1.74,2.21,1.9,2.05,1.79,1.98,1.89,2.06
3,Adelaide,Adelaide International,1/13/2026,ATP250,Outdoor,Hard,1st Round,3,Vukic A.,Tsitsipas S.,87,33,693,1455,7,6,7,6,,,,,,,2,0,Completed,3.75,1.29,,,3.75,1.32,3.51,1.29,4,1.32
3,Adelaide,Adelaide International,1/14/2026,ATP250,Outdoor,Hard,2nd Round,3,Munar J.,Cerundolo F.,38,20,1295,2035,3,6,7,5,6,4,,,,,2,1,Completed,1.67,2.2,,,1.67,2.25,1.65,2.2,1.76,2.28
3,Adelaide,Adelaide International,1/14/2026,ATP250,Outdoor,Hard,2nd Round,3,Humbert U.,Griekspoor T.,36,25,1355,1565,6,4,6,1,,,,,,,2,0,Completed,1.53,2.5,,,1.6,2.5,1.53,2.45,1.61,2.58
3,Adelaide,Adelaide International,1/14/2026,ATP250,Outdoor,Hard,2nd Round,3,Machac T.,Halys Q.,35,85,1360,697,6,4,6,2,,,,,,,2,0,Completed,1.57,2.38,,,1.67,2.4,1.58,2.32,1.64,2.52
3,Adelaide,Adelaide International,1/14/2026,ATP250,Outdoor,Hard,2nd Round,3,Paul T.,Opelka R.,21,62,2000,873,6,4,6,4,,,,,,,2,0,Completed,1.53,2.5,,,1.61,2.5,1.55,2.4,1.59,2.66
3,Adelaide,Adelaide International,1/14/2026,ATP250,Outdoor,Hard,2nd Round,3,Shevchenko A.,Fucsovics M.,104,55,597,949,6,3,7,6,,,,,,,2,0,Completed,2.75,1.44,,,2.75,1.53,2.61,1.48,2.62,1.59
3,Adelaide,Adelaide International,1/14/2026,ATP250,Outdoor,Hard,2nd Round,3,Vukic A.,Vavassori A.,87,336,693,147,6,2,7,6,,,,,,,2,0,Completed,1.62,2.3,,,1.63,2.5,1.56,2.39,1.66,2.48
3,Adelaide,Adelaide International,1/14/2026,ATP250,Outdoor,Hard,2nd Round,3,Vacherot V.,Kokkinakis T.,32,670,1469,50,,,,,,,,,,,,,Walkover,1.44,2.75,,,1.5,2.88,1.44,2.73,1.46,3.05
3,Adelaide,Adelaide International,1/14/2026,ATP250,Outdoor,Hard,2nd Round,3,Davidovich Fokina A.,Hijikata R.,15,115,2585,527,6,3,6,2,,,,,,,2,0,Completed,1.36,3.2,,,1.44,3.2,1.37,3.03,1.43,3.25
3,Adelaide,Adelaide International,1/15/2026,ATP250,Outdoor,Hard,Quarterfinals,3,Machac T.,Munar J.,35,38,1360,1295,6,4,6,4,,,,,,,2,0,Completed,1.73,2.1,,,1.91,2.1,1.77,2.01,1.89,2.1
3,Adelaide,Adelaide International,1/15/2026,ATP250,Outdoor,Hard,Quarterfinals,3,Paul T.,Vukic A.,21,87,2000,693,6,3,6,2,,,,,,,2,0,Completed,1.22,4.33,,,1.29,4.33,1.24,3.97,1.28,4.4
3,Adelaide,Adelaide International,1/15/2026,ATP250,Outdoor,Hard,Quarterfinals,3,Humbert U.,Shevchenko A.,36,104,1355,597,6,0,6,3,,,,,,,2,0,Completed,1.25,4,,,1.26,4.2,1.24,3.89,1.29,4.3
3,Adelaide,Adelaide International,1/15/2026,ATP250,Outdoor,Hard,Quarterfinals,3,Davidovich Fokina A.,Vacherot V.,15,32,2585,1469,7,6,6,2,,,,,,,2,0,Completed,1.53,2.5,,,1.87,2.5,1.55,2.43,1.61,2.6
3,Adelaide,Adelaide International,1/16/2026,ATP250,Outdoor,Hard,Semifinals,3,Machac T.,Paul T.,35,21,1360,2000,2,6,6,3,6,3,,,,,2,1,Completed,2.38,1.57,,,2.4,1.63,2.31,1.59,2.48,1.65
3,Adelaide,Adelaide International,1/16/2026,ATP250,Outdoor,Hard,Semifinals,3,Humbert U.,Davidovich Fokina A.,36,15,1355,2585,6,3,5,7,7,6,,,,,2,1,Completed,1.8,2,,,1.83,2.05,1.77,2.01,1.85,2.16
3,Adelaide,Adelaide International,1/17/2026,ATP250,Outdoor,Hard,The Final,3,Machac T.,Humbert U.,35,36,1360,1355,6,4,6,7,6,2,,,,,2,1,Completed,2.2,1.67,,,2.25,1.68,2.2,1.66,2.36,1.72
4,Auckland,ASB Classic,1/11/2026,ATP250,Outdoor,Hard,1st Round,3,Spizzirri E.,Mannarino A.,89,69,672,810,6,4,6,3,,,,,,,2,0,Completed,1.62,2.3,1.59,2.5,1.62,2.4,1.57,2.33,1.62,2.58
4,Auckland,ASB Classic,1/12/2026,ATP250,Outdoor,Hard,1st Round,3,Brooksby J.,Watt J.,48,643,1017,55,6,4,6,3,,,,,,,2,0,Completed,1.07,9,1.08,10,1.07,13,1.06,8.69,1.09,11
4,Auckland,ASB Classic,1/12/2026,ATP250,Outdoor,Hard,1st Round,3,Comesana F.,Royer V.,68,57,829,924,6,4,6,4,,,,,,,2,0,Completed,2.2,1.67,2.21,1.74,2.25,1.75,2.12,1.7,2.2,1.78
4,Auckland,ASB Classic,1/12/2026,ATP250,Outdoor,Hard,1st Round,3,Norrie C.,Gaston H.,28,94,1538,653,6,3,6,4,,,,,,,2,0,Completed,1.5,2.63,1.53,2.65,1.53,2.8,1.5,2.55,1.59,2.66
4,Auckland,ASB Classic,1/12/2026,ATP250,Outdoor,Hard,1st Round,3,Baez S.,Nava E.,39,88,1250,677,4,6,7,5,6,3,,,,,2,1,Completed,2,1.8,2.19,1.75,2.1,1.8,2.02,1.76,2.22,1.81
4,Auckland,ASB Classic,1/12/2026,ATP250,Outdoor,Hard,1st Round,3,Tabilo A.,Ugo Carabelli C.,81,47,722,1028,6,4,6,2,,,,,,,2,0,Completed,1.44,2.75,1.47,2.88,1.45,2.8,1.43,2.73,1.46,3
4,Auckland,ASB Classic,1/12/2026,ATP250,Outdoor,Hard,1st Round,3,Michelsen A.,Navone M.,37,74,1350,760,2,6,6,2,7,5,,,,,2,1,Completed,1.3,3.5,1.34,3.55,1.32,3.5,1.3,3.44,1.35,3.7
4,Auckland,ASB Classic,1/13/2026,ATP250,Outdoor,Hard,1st Round,3,Mpetshi G.,Bautista Agut R.,63,90,865,670,6,3,7,6,,,,,,,2,0,Completed,1.44,2.75,1.4,3.19,1.47,3.1,1.4,2.88,1.4,3.4
4,Auckland,ASB Classic,1/13/2026,ATP250,Outdoor,Hard,1st Round,3,Giron M.,Muller A.,60,50,895,980,6,2,6,2,,,,,,,2,0,Completed,1.8,2,1.88,2,1.8,2.12,1.74,2.05,1.82,2.18
4,Auckland,ASB Classic,1/13/2026,ATP250,Outdoor,Hard,1st Round,3,Medjedovic H.,Kovacevic A.,96,54,643,964,6,4,3,6,7,6,,,,,2,1,Completed,1.44,2.75,1.53,2.67,1.5,2.8,1.46,2.67,1.54,2.8
4,Auckland,ASB Classic,1/13/2026,ATP250,Outdoor,Hard,1st Round,3,Marozsan F.,Monfils G.,52,110,975,550,5,7,6,3,6,4,,,,,2,1,Completed,1.62,2.3,1.67,2.33,1.65,2.38,1.6,2.3,1.64,2.5
4,Auckland,ASB Classic,1/13/2026,ATP250,Outdoor,Hard,1st Round,3,Borges N.,Etcheverry T.,46,61,1070,895,7,5,3,6,7,6,,,,,2,1,Completed,1.8,2,1.88,2,1.85,2,1.81,1.96,1.87,2.14
4,Auckland,ASB Classic,1/13/2026,ATP250,Outdoor,Hard,2nd Round,3,Giron M.,Michelsen A.,60,37,895,1350,6,4,6,4,,,,,,,2,0,Completed,1.91,1.91,,,2.02,1.91,1.96,1.81,2.12,1.87
4,Auckland,ASB Classic,1/13/2026,ATP250,Outdoor,Hard,2nd Round,3,Shelton B.,Comesana F.,8,68,3960,829,7,5,6,4,,,,,,,2,0,Completed,1.25,4,,,1.32,4,1.29,3.53,1.32,4.1
4,Auckland,ASB Classic,1/14/2026,ATP250,Outdoor,Hard,2nd Round,3,Baez S.,Brooksby J.,39,48,1250,1017,7,5,6,0,,,,,,,2,0,Completed,2.5,1.53,,,2.63,1.6,2.41,1.55,2.5,1.65
4,Auckland,ASB Classic,1/14/2026,ATP250,Outdoor,Hard,2nd Round,3,Darderi L.,Tabilo A.,24,81,1579,722,1,6,7,5,6,3,,,,,2,1,Completed,2.3,1.62,,,2.43,1.65,2.34,1.59,2.36,1.72
4,Auckland,ASB Classic,1/14/2026,ATP250,Outdoor,Hard,2nd Round,3,Spizzirri E.,Borges N.,89,46,672,1070,7,6,6,4,,,,,,,2,0,Completed,2.1,1.73,,,2.18,1.75,2.08,1.72,2.12,1.85
4,Auckland,ASB Classic,1/14/2026,ATP250,Outdoor,Hard,2nd Round,3,Mpetshi G.,Norrie C.,63,28,865,1538,4,6,6,3,7,6,,,,,2,1,Completed,2.1,1.73,,,2.12,1.85,2.05,1.74,2.16,1.85
4,Auckland,ASB Classic,1/14/2026,ATP250,Outdoor,Hard,2nd Round,3,Marozsan F.,Ruud C.,52,13,975,2795,6,4,6,4,,,,,,,2,0,Completed,3,1.4,,,3,1.49,2.76,1.44,2.9,1.5
4,Auckland,ASB Classic,1/14/2026,ATP250,Outdoor,Hard,2nd Round,3,Mensik J.,Medjedovic H.,18,96,2125,643,6,1,3,6,6,3,,,,,2,1,Completed,1.67,2.2,,,1.7,2.3,1.66,2.19,1.71,2.38
4,Auckland,ASB Classic,1/14/2026,ATP250,Outdoor,Hard,Quarterfinals,3,Giron M.,Darderi L.,60,24,895,1579,1,6,7,5,6,4,,,,,2,1,Completed,1.4,3,,,1.44,3,1.41,2.84,1.46,3.05
4,Auckland,ASB Classic,1/15/2026,ATP250,Outdoor,Hard,Quarterfinals,3,Mensik J.,Mpetshi G.,18,63,2125,865,6,4,6,2,,,,,,,2,0,Completed,1.62,2.3,,,1.65,2.3,1.62,2.25,1.69,2.38
4,Auckland,ASB Classic,1/15/2026,ATP250,Outdoor,Hard,Quarterfinals,3,Marozsan F.,Spizzirri E.,52,89,975,672,6,4,2,6,6,2,,,,,2,1,Completed,1.73,2.1,,,1.73,2.18,1.71,2.11,1.79,2.22
4,Auckland,ASB Classic,1/15/2026,ATP250,Outdoor,Hard,Quarterfinals,3,Baez S.,Shelton B.,39,8,1250,3960,7,5,6,3,,,,,,,2,0,Completed,4.33,1.22,,,4.33,1.25,4.03,1.23,4.5,1.27
4,Auckland,ASB Classic,1/16/2026,ATP250,Outdoor,Hard,Semifinals,3,Mensik J.,Marozsan F.,18,52,2125,975,7,6,4,6,6,1,,,,,2,1,Completed,1.3,3.5,,,1.33,3.5,1.32,3.3,1.35,3.75
4,Auckland,ASB Classic,1/16/2026,ATP250,Outdoor,Hard,Semifinals,3,Baez S.,Giron M.,39,60,1250,895,6,1,6,4,,,,,,,2,0,Completed,2.38,1.57,,,2.6,1.6,2.49,1.52,2.8,1.54
4,Auckland,ASB Classic,1/17/2026,ATP250,Outdoor,Hard,The Final,3,Mensik J.,Baez S.,18,39,2125,1250,6,3,7,6,,,,,,,2,0,Completed,1.44,2.75,,,1.47,2.8,1.45,2.72,1.47,3.05
5,Melbourne,Australian Open,1/18/2026,Grand Slam,Outdoor,Hard,1st Round,5,Etcheverry T.,Kecmanovic M.,62,60,895,910,6,2,3,6,4,6,6,3,6,4,3,2,Completed,1.73,2.1,,,1.75,2.16,1.71,2.11,1.8,2.24
5,Melbourne,Australian Open,1/18/2026,Grand Slam,Outdoor,Hard,1st Round,5,Fery A.,Cobolli F.,186,22,316,1955,7,6,6,4,6,1,,,,,3,0,Completed,3.2,1.36,,,3.2,1.43,2.89,1.4,3.4,1.4
5,Melbourne,Australian Open,1/18/2026,Grand Slam,Outdoor,Hard,1st Round,5,Moutet C.,Schoolkate T.,37,98,1383,641,6,4,7,6,6,3,,,,,3,0,Completed,1.33,3.4,,,1.36,3.5,1.34,3.22,1.39,3.5
5,Melbourne,Australian Open,1/18/2026,Grand Slam,Outdoor,Hard,1st Round,5,Zverev A.,Diallo G.,3,41,5105,1215,6,7,6,1,6,4,6,2,,,3,1,Completed,1.13,6,,,1.14,6.5,1.13,5.88,1.16,6.8
5,Melbourne,Australian Open,1/18/2026,Grand Slam,Outdoor,Hard,1st Round,5,Cerundolo F.,Zhang Zh.,21,368,2035,130,6,3,7,6,6,3,,,,,3,0,Completed,1.4,3,,,1.43,3,1.41,2.83,1.46,3.1
5,Melbourne,Australian Open,1/18/2026,Grand Slam,Outdoor,Hard,1st Round,5,Comesana F.,Kypson P.,68,116,829,527,6,2,6,3,3,6,6,3,,,3,1,Completed,1.57,2.38,,,1.62,2.38,1.59,2.3,1.67,2.46
5,Melbourne,Australian Open,1/18/2026,Grand Slam,Outdoor,Hard,1st Round,5,Nava E.,Jacquet K.,89,128,683,477,6,2,7,5,6,7,4,6,7,6,3,2,Completed,1.57,2.38,,,1.64,2.4,1.58,2.32,1.61,2.58
5,Melbourne,Australian Open,1/18/2026,Grand Slam,Outdoor,Hard,1st Round,5,Dzumhur D.,Draxl L.,66,145,837,429,7,5,6,0,6,4,,,,,3,0,Completed,1.73,2.1,,,1.8,2.1,1.74,2.05,1.82,2.18
5,Melbourne,Australian Open,1/18/2026,Grand Slam,Outdoor,Hard,1st Round,5,Zheng M.,Korda S.,174,53,337,975,6,4,6,4,3,6,6,7,6,3,3,2,Completed,3.5,1.3,,,3.8,1.33,3.45,1.3,3.85,1.34
5,Melbourne,Australian Open,1/18/2026,Grand Slam,Outdoor,Hard,1st Round,5,Faria J.,Blockx A.,151,96,413,653,6,3,3,6,6,3,6,4,,,3,1,Completed,2.38,1.57,,,2.65,1.62,2.4,1.55,2.6,1.61
5,Melbourne,Australian Open,1/18/2026,Grand Slam,Outdoor,Hard,1st Round,5,Fucsovics M.,Ugo Carabelli C.,54,49,967,1028,7,6,6,1,6,2,,,,,3,0,Completed,1.2,4.5,,,1.23,4.5,1.22,4.19,1.24,4.9
5,Melbourne,Australian Open,1/18/2026,Grand Slam,Outdoor,Hard,1st Round,5,Tiafoe F.,Kubler J.,34,194,1500,305,7,6,6,3,6,2,,,,,3,0,Completed,1.29,3.75,,,1.3,4,1.29,3.53,1.34,3.85
5,Melbourne,Australian Open,1/18/2026,Grand Slam,Outdoor,Hard,1st Round,5,Hanfmann Y.,Svajda Z.,102,143,611,431,7,5,4,6,6,4,7,6,,,3,1,Completed,2.3,1.62,,,2.4,1.64,2.31,1.58,2.54,1.64
5,Melbourne,Australian Open,1/18/2026,Grand Slam,Outdoor,Hard,1st Round,5,Norrie C.,Bonzi B.,27,106,1553,566,6,0,6,7,4,6,6,3,6,4,3,2,Completed,1.3,3.5,,,1.3,4,1.28,3.54,1.32,4
5,Melbourne,Australian Open,1/18/2026,Grand Slam,Outdoor,Hard,1st Round,5,Bublik A.,Brooksby J.,10,48,3065,1042,6,4,6,4,6,4,,,,,3,0,Completed,1.29,3.75,,,1.29,3.9,1.27,3.73,1.35,3.85
5,Melbourne,Australian Open,1/18/2026,Grand Slam,Outdoor,Hard,1st Round,5,Alcaraz C.,Walton A.,1,81,12050,727,6,3,7,6,6,2,,,,,3,0,Completed,1,41,,,1.01,41,1.01,24.06,1.01,55
5,Melbourne,Australian Open,1/19/2026,Grand Slam,Outdoor,Hard,1st Round,5,Medjedovic H.,Navone M.,90,74,681,760,6,2,6,7,6,4,6,2,,,3,1,Completed,1.36,3.2,,,1.4,3.2,1.37,3,1.44,3.25
5,Melbourne,Australian Open,1/19/2026,Grand Slam,Outdoor,Hard,1st Round,5,Shevchenko A.,Ymer E.,97,175,650,337,3,6,7,5,6,4,6,1,,,3,1,Completed,1.44,2.75,,,1.5,2.9,1.44,2.72,1.53,2.84
5,Melbourne,Australian Open,1/19/2026,Grand Slam,Outdoor,Hard,1st Round,5,Borges N.,Auger-Aliassime F.,46,8,1070,3990,3,6,6,4,6,4,0,0,,,2,1,Retired,3.75,1.29,,,3.75,1.33,3.61,1.28,4.5,1.27
5,Melbourne,Australian Open,1/19/2026,Grand Slam,Outdoor,Hard,1st Round,5,Halys Q.,Tabilo A.,83,79,725,737,6,2,6,2,7,6,,,,,3,0,Completed,1.8,2,,,1.85,2.3,1.77,2.03,1.9,2.1
5,Melbourne,Australian Open,1/19/2026,Grand Slam,Outdoor,Hard,1st Round,5,Medvedev D.,De Jong J.,12,73,2910,763,7,5,6,2,7,6,,,,,3,0,Completed,1.04,13,,,1.06,13,1.05,9.88,1.05,17.5
5,Melbourne,Australian Open,1/19/2026,Grand Slam,Outdoor,Hard,1st Round,5,Marozsan F.,Rinderknech A.,47,28,1065,1551,6,3,6,4,6,7,6,4,,,3,1,Completed,1.8,2,,,1.85,2.1,1.81,1.97,1.91,2.06
5,Melbourne,Australian Open,1/19/2026,Grand Slam,Outdoor,Hard,1st Round,5,Paul T.,Kovacevic A.,20,56,2050,964,6,4,6,3,6,3,,,,,3,0,Completed,1.17,5,,,1.2,5.75,1.17,4.81,1.2,5.5
5,Melbourne,Australian Open,1/19/2026,Grand Slam,Outdoor,Hard,1st Round,5,Shang J.,Bautista Agut R.,318,91,165,670,6,4,6,7,6,4,6,0,,,3,1,Completed,1.3,3.5,,,1.32,3.8,1.29,3.48,1.33,3.9
5,Melbourne,Australian Open,1/19/2026,Grand Slam,Outdoor,Hard,1st Round,5,Opelka R.,Budkov Kjaer N.,63,135,873,446,6,4,6,3,6,4,,,,,3,0,Completed,1.53,2.5,,,1.6,2.6,1.55,2.41,1.64,2.52
5,Melbourne,Australian Open,1/19/2026,Grand Slam,Outdoor,Hard,1st Round,5,Rublev A.,Arnaldi M.,15,65,2600,858,6,4,6,2,6,3,,,,,3,0,Completed,1.22,4.33,,,1.25,4.5,1.24,4.01,1.25,4.7
5,Melbourne,Australian Open,1/19/2026,Grand Slam,Outdoor,Hard,1st Round,5,Thompson J.,Cerundolo J.M.,111,87,548,700,6,7,7,5,6,1,6,1,,,3,1,Completed,1.44,2.75,,,1.45,2.88,1.42,2.79,1.5,2.96
5,Melbourne,Australian Open,1/19/2026,Grand Slam,Outdoor,Hard,1st Round,5,De Minaur A.,McDonald M.,6,113,4080,546,6,2,6,2,6,3,,,,,3,0,Completed,1.05,11,,,1.06,11,1.05,10.02,1.04,21
5,Melbourne,Australian Open,1/19/2026,Grand Slam,Outdoor,Hard,1st Round,5,Tien L.,Giron M.,29,51,1540,985,7,6,4,6,3,6,7,6,6,2,3,2,Completed,1.5,2.63,,,1.55,2.63,1.52,2.49,1.59,2.68
5,Melbourne,Australian Open,1/19/2026,Grand Slam,Outdoor,Hard,1st Round,5,Davidovich Fokina A.,Misolic F.,14,84,2635,725,6,2,6,3,6,3,,,,,3,0,Completed,1.06,10,,,1.08,10,1.06,8.94,1.06,14
5,Melbourne,Australian Open,1/19/2026,Grand Slam,Outdoor,Hard,1st Round,5,Tirante T.A.,Vukic A.,103,78,605,746,7,5,6,2,6,2,,,,,3,0,Completed,2.75,1.44,,,2.95,1.45,2.78,1.43,3,1.48
5,Melbourne,Australian Open,1/19/2026,Grand Slam,Outdoor,Hard,1st Round,5,Wawrinka S.,Djere L.,139,92,437,659,5,7,6,3,6,4,7,6,,,3,1,Completed,1.8,2,,,1.85,2.05,1.81,1.96,1.85,2.14
5,Melbourne,Australian Open,1/19/2026,Grand Slam,Outdoor,Hard,1st Round,5,Majchrzak K.,Fearnley J.,59,77,918,752,7,6,7,5,3,6,7,6,,,3,1,Completed,1.44,2.75,,,1.5,2.88,1.43,2.75,1.5,2.96
5,Melbourne,Australian Open,1/19/2026,Grand Slam,Outdoor,Hard,1st Round,5,Cilic M.,Altmaier D.,70,44,790,1123,6,0,6,0,7,6,,,,,3,0,Completed,1.5,2.63,,,1.55,2.63,1.52,2.49,1.59,2.62
5,Melbourne,Australian Open,1/19/2026,Grand Slam,Outdoor,Hard,1st Round,5,Van De Zandschulp B.,Nakashima B.,75,30,759,1535,6,3,4,6,7,6,7,6,,,3,1,Completed,3.2,1.36,,,3.25,1.4,3.09,1.35,3.45,1.38
5,Melbourne,Australian Open,1/19/2026,Grand Slam,Outdoor,Hard,1st Round,5,Maestrelli F.,Atmane T.,141,64,436,862,6,4,3,6,6,7,6,1,6,1,3,2,Completed,2.63,1.5,,,2.63,1.53,2.52,1.5,2.66,1.59
5,Melbourne,Australian Open,1/19/2026,Grand Slam,Outdoor,Hard,1st Round,5,Munar J.,Svrcina D.,39,95,1335,655,3,6,6,2,6,7,7,5,6,3,3,2,Completed,1.22,4.33,,,1.25,4.33,1.23,3.98,1.26,4.7
5,Melbourne,Australian Open,1/19/2026,Grand Slam,Outdoor,Hard,1st Round,5,Shapovalov D.,Bu Y.,23,120,1650,499,6,3,7,6,6,1,,,,,3,0,Completed,1.5,2.63,,,1.52,2.63,1.49,2.57,1.58,2.7
5,Melbourne,Australian Open,1/19/2026,Grand Slam,Outdoor,Hard,1st Round,5,Hijikata R.,Mannarino A.,114,69,542,810,6,3,6,3,6,1,,,,,3,0,Completed,1.57,2.38,,,1.7,2.4,1.6,2.31,1.64,2.52
5,Melbourne,Australian Open,1/19/2026,Grand Slam,Outdoor,Hard,1st Round,5,Gea A.,Lehecka J.,198,19,300,2090,7,5,7,6,7,5,,,,,3,0,Completed,3.4,1.33,,,3.4,1.35,3.26,1.32,3.7,1.36
5,Melbourne,Australian Open,1/19/2026,Grand Slam,Outdoor,Hard,1st Round,5,Vacherot V.,Damm M.,31,177,1519,333,6,4,6,4,6,4,,,,,3,0,Completed,1.44,2.75,,,1.48,2.75,1.46,2.67,1.49,2.96
5,Melbourne,Australian Open,1/19/2026,Grand Slam,Outdoor,Hard,1st Round,5,Muller A.,Popyrin A.,52,50,980,1000,2,6,6,3,3,6,7,6,7,6,3,2,Completed,3.2,1.36,,,3.25,1.41,3.04,1.36,3.3,1.42
5,Melbourne,Australian Open,1/19/2026,Grand Slam,Outdoor,Hard,1st Round,5,Ruud C.,Bellucci M.,13,76,2795,758,6,1,6,2,6,4,,,,,3,0,Completed,1.17,5,,,1.21,5.25,1.19,4.61,1.2,5.5
5,Melbourne,Australian Open,1/19/2026,Grand Slam,Outdoor,Hard,1st Round,5,Djokovic N.,Martinez P.,4,71,4780,768,6,3,6,2,6,2,,,,,3,0,Completed,1.02,17,,,1.04,17,1.03,12.53,1.06,15
5,Melbourne,Australian Open,1/20/2026,Grand Slam,Outdoor,Hard,1st Round,5,Sonego L.,Taberner C.,40,99,1240,630,6,4,6,0,6,3,,,,,3,0,Completed,1.08,8,,,1.1,8.5,1.08,7.38,1.1,10
5,Melbourne,Australian Open,1/20/2026,Grand Slam,Outdoor,Hard,1st Round,5,Darderi L.,Garin C.,25,82,1599,726,7,6,7,5,7,6,,,,,3,0,Completed,1.5,2.63,,,1.53,2.88,1.49,2.57,1.61,2.6
5,Melbourne,Australian Open,1/20/2026,Grand Slam,Outdoor,Hard,1st Round,5,Musetti L.,Collignon R.,5,72,4105,767,4,6,7,6,7,5,3,2,,,2,1,Retired,1.25,4,,,1.26,4.2,1.24,3.93,1.26,4.7
5,Melbourne,Australian Open,1/20/2026,Grand Slam,Outdoor,Hard,1st Round,5,Quinn E.,Griekspoor T.,80,26,733,1565,6,2,6,3,6,2,,,,,3,0,Completed,2.1,1.73,,,2.17,1.8,2.08,1.72,2.2,1.81
5,Melbourne,Australian Open,1/20/2026,Grand Slam,Outdoor,Hard,1st Round,5,Baez S.,Mpetshi G.,36,61,1390,905,6,4,6,4,3,6,5,7,6,3,3,2,Completed,2.3,1.62,,,2.3,1.73,2.16,1.67,2.36,1.72
5,Melbourne,Australian Open,1/20/2026,Grand Slam,Outdoor,Hard,1st Round,5,Khachanov K.,Michelsen A.,18,38,2320,1350,4,6,6,4,6,3,5,7,6,3,3,2,Completed,1.57,2.38,,,1.62,2.45,1.56,2.38,1.63,2.56
5,Melbourne,Australian Open,1/20/2026,Grand Slam,Outdoor,Hard,1st Round,5,Basavareddy N.,O Connell C.,242,118,230,521,4,6,7,6,6,7,6,2,6,3,3,2,Completed,1.62,2.3,,,1.7,2.32,1.62,2.25,1.64,2.5
5,Melbourne,Australian Open,1/20/2026,Grand Slam,Outdoor,Hard,1st Round,5,Mensik J.,Carreno Busta P.,17,94,2345,656,7,5,4,6,2,6,7,6,6,3,3,2,Completed,1.22,4.33,,,1.24,4.33,1.22,4.08,1.24,5
5,Melbourne,Australian Open,1/20/2026,Grand Slam,Outdoor,Hard,1st Round,5,Shelton B.,Humbert U.,7,33,4000,1510,6,3,7,6,7,6,,,,,3,0,Completed,1.57,2.38,,,1.62,2.43,1.57,2.34,1.66,2.48
5,Melbourne,Australian Open,1/20/2026,Grand Slam,Outdoor,Hard,1st Round,5,Spizzirri E.,Fonseca J.,85,32,725,1510,6,4,2,6,6,1,6,2,,,3,1,Completed,2.63,1.5,,,2.63,1.55,2.48,1.53,2.52,1.64
5,Melbourne,Australian Open,1/20/2026,Grand Slam,Outdoor,Hard,1st Round,5,Wu Y.,Nardi L.,168,108,347,561,7,5,4,6,6,4,6,2,,,3,1,Completed,1.25,4,,,1.3,4.5,1.24,3.97,1.28,4.3
5,Melbourne,Australian Open,1/20/2026,Grand Slam,Outdoor,Hard,1st Round,5,Sweeny D.,Monfils G.,182,110,325,550,6,7,7,5,6,4,7,5,,,3,1,Completed,2.38,1.57,,,2.5,1.57,2.41,1.54,2.62,1.6
5,Melbourne,Australian Open,1/20/2026,Grand Slam,Outdoor,Hard,1st Round,5,Jodar R.,Sakamoto R.,150,203,418,292,7,6,6,1,5,7,4,6,6,3,3,2,Completed,1.33,3.4,,,1.42,3.4,1.37,3.04,1.44,3.2
5,Melbourne,Australian Open,1/20/2026,Grand Slam,Outdoor,Hard,1st Round,5,Hurkacz H.,Bergs Z.,55,43,965,1170,6,7,7,6,6,3,6,3,,,3,1,Completed,1.36,3.2,,,1.4,3.25,1.37,3.02,1.41,3.35
5,Melbourne,Australian Open,1/20/2026,Grand Slam,Outdoor,Hard,1st Round,5,Duckworth J.,Prizmic D.,88,127,694,481,7,6,3,6,1,6,7,5,6,3,3,2,Completed,2.1,1.73,,,2.13,1.75,2.07,1.73,2.16,1.84
5,Melbourne,Australian Open,1/20/2026,Grand Slam,Outdoor,Hard,1st Round,5,Fritz T.,Royer V.,9,58,3840,924,7,6,5,7,6,1,6,3,,,3,1,Completed,1.11,6.5,,,1.14,7,1.12,6.24,1.15,7.2
5,Melbourne,Australian Open,1/20/2026,Grand Slam,Outdoor,Hard,1st Round,5,Kopriva V.,Struff J.L.,101,86,626,706,4,6,6,2,2,6,6,3,6,1,3,2,Completed,3,1.4,,,3,1.44,2.83,1.41,2.98,1.48
5,Melbourne,Australian Open,1/20/2026,Grand Slam,Outdoor,Hard,1st Round,5,Sinner J.,Gaston H.,2,93,11500,656,6,2,6,1,,,,,,,2,0,Retired,1,51,,,1.01,51,1.01,26.85,1.01,90
5,Melbourne,Australian Open,1/20/2026,Grand Slam,Outdoor,Hard,1st Round,5,Machac T.,Dimitrov G.,24,45,1610,1105,6,4,6,4,6,3,,,,,3,0,Completed,1.73,2.1,,,1.73,2.2,1.68,2.14,1.76,2.26
5,Melbourne,Australian Open,1/20/2026,Grand Slam,Outdoor,Hard,1st Round,5,Tsitsipas S.,Mochizuki S.,35,112,1455,547,4,6,6,3,6,2,6,2,,,3,1,Completed,1.11,6.5,,,1.15,7,1.12,5.96,1.14,7.6
5,Melbourne,Australian Open,1/21/2026,Grand Slam,Outdoor,Hard,2nd Round,5,Marozsan F.,Majchrzak K.,47,59,1065,918,6,3,6,4,7,6,,,,,3,0,Completed,1.57,2.38,,,1.65,2.38,1.59,2.33,1.67,2.46
5,Melbourne,Australian Open,1/21/2026,Grand Slam,Outdoor,Hard,2nd Round,5,Cerundolo F.,Dzumhur D.,21,66,2035,837,6,3,6,2,6,1,,,,,3,0,Completed,1.2,4.5,,,1.22,4.75,1.2,4.41,1.22,5.1
5,Melbourne,Australian Open,1/21/2026,Grand Slam,Outdoor,Hard,2nd Round,5,Paul T.,Tirante T.A.,20,103,2050,605,6,3,6,4,6,2,,,,,3,0,Completed,1.07,9,,,1.1,9,1.08,7.83,1.1,10
5,Melbourne,Australian Open,1/21/2026,Grand Slam,Outdoor,Hard,2nd Round,5,Rublev A.,Faria J.,15,151,2600,413,6,4,6,3,4,6,7,5,,,3,1,Completed,1.1,7,,,1.12,7.5,1.1,6.54,1.13,8
5,Melbourne,Australian Open,1/21/2026,Grand Slam,Outdoor,Hard,2nd Round,5,Medvedev D.,Halys Q.,12,83,2910,725,6,7,6,3,6,4,6,2,,,3,1,Completed,1.1,7,,,1.12,7.5,1.1,6.55,1.14,7.8
5,Melbourne,Australian Open,1/21/2026,Grand Slam,Outdoor,Hard,2nd Round,5,Etcheverry T.,Fery A.,62,186,895,316,7,6,6,1,6,3,,,,,3,0,Completed,1.62,2.3,,,1.63,2.35,1.6,2.29,1.7,2.42
5,Melbourne,Australian Open,1/21/2026,Grand Slam,Outdoor,Hard,2nd Round,5,Davidovich Fokina A.,Opelka R.,14,63,2635,873,6,3,7,6,5,7,4,6,6,4,3,2,Completed,1.4,3,,,1.44,3,1.4,2.89,1.43,3.25
5,Melbourne,Australian Open,1/21/2026,Grand Slam,Outdoor,Hard,2nd Round,5,Alcaraz C.,Hanfmann Y.,1,102,12050,611,7,6,6,3,6,2,,,,,3,0,Completed,1.01,26,,,1.02,29,1.01,19.31,1.01,55
5,Melbourne,Australian Open,1/21/2026,Grand Slam,Outdoor,Hard,2nd Round,5,Borges N.,Thompson J.,46,111,1070,548,6,7,6,3,6,2,6,4,,,3,1,Completed,1.53,2.5,,,1.67,2.53,1.55,2.43,1.53,2.84
5,Melbourne,Australian Open,1/21/2026,Grand Slam,Outdoor,Hard,2nd Round,5,Moutet C.,Zheng M.,37,174,1383,337,3,6,6,1,6,3,2,0,,,2,1,Retired,1.62,2.3,,,1.67,2.35,1.64,2.24,1.74,2.32
5,Melbourne,Australian Open,1/21/2026,Grand Slam,Outdoor,Hard,2nd Round,5,Tien L.,Shevchenko A.,29,97,1540,650,6,2,5,7,6,1,6,0,,,3,1,Completed,1.17,5,,,1.21,5.25,1.18,4.71,1.21,5.4
5,Melbourne,Australian Open,1/21/2026,Grand Slam,Outdoor,Hard,2nd Round,5,Norrie C.,Nava E.,27,89,1553,683,6,1,7,6,4,6,7,6,,,3,1,Completed,1.44,2.75,,,1.44,2.9,1.42,2.83,1.51,2.96
5,Melbourne,Australian Open,1/21/2026,Grand Slam,Outdoor,Hard,2nd Round,5,Bublik A.,Fucsovics M.,10,54,3065,967,7,5,6,4,7,5,,,,,3,0,Completed,1.2,4.5,,,1.2,5,1.2,4.48,1.21,5.7
5,Melbourne,Australian Open,1/21/2026,Grand Slam,Outdoor,Hard,2nd Round,5,Zverev A.,Muller A.,3,52,5105,980,6,3,4,6,6,3,6,4,,,3,1,Completed,1.05,11,,,1.06,11,1.05,9.98,1.05,17
5,Melbourne,Australian Open,1/21/2026,Grand Slam,Outdoor,Hard,2nd Round,5,De Minaur A.,Medjedovic H.,6,90,4080,681,6,7,6,2,6,2,6,1,,,3,1,Completed,1.13,6,,,1.15,6,1.14,5.5,1.16,6.8
5,Melbourne,Australian Open,1/21/2026,Grand Slam,Outdoor,Hard,2nd Round,5,Tiafoe F.,Comesana F.,34,68,1500,829,6,4,6,3,4,6,6,2,,,3,1,Completed,1.4,3,,,1.44,3,1.4,2.91,1.45,3.15
5,Melbourne,Australian Open,1/22/2026,Grand Slam,Outdoor,Hard,2nd Round,5,Vacherot V.,Hijikata R.,31,114,1519,542,6,1,6,3,4,6,6,2,,,3,1,Completed,1.5,2.63,,,1.54,2.63,1.51,2.53,1.54,2.82
5,Melbourne,Australian Open,1/22/2026,Grand Slam,Outdoor,Hard,2nd Round,5,Mensik J.,Jodar R.,17,150,2345,418,6,2,6,4,6,4,,,,,3,0,Completed,1.44,2.75,,,1.55,2.75,1.52,2.5,1.63,2.58
5,Melbourne,Australian Open,1/22/2026,Grand Slam,Outdoor,Hard,2nd Round,5,Darderi L.,Baez S.,25,36,1599,1390,6,3,1,6,6,4,6,3,,,3,1,Completed,2.5,1.53,,,2.5,1.6,2.38,1.56,2.44,1.68
5,Melbourne,Australian Open,1/22/2026,Grand Slam,Outdoor,Hard,2nd Round,5,Khachanov K.,Basavareddy N.,18,242,2320,230,6,1,6,4,6,3,,,,,3,0,Completed,1.29,3.75,,,1.34,3.8,1.3,3.46,1.33,3.85
5,Melbourne,Australian Open,1/22/2026,Grand Slam,Outdoor,Hard,2nd Round,5,Musetti L.,Sonego L.,5,40,4105,1240,6,3,6,3,6,4,,,,,3,0,Completed,1.36,3.2,,,1.4,3.25,1.36,3.09,1.38,3.6
5,Melbourne,Australian Open,1/22/2026,Grand Slam,Outdoor,Hard,2nd Round,5,Shelton B.,Sweeny D.,7,182,4000,325,6,3,6,2,6,2,,,,,3,0,Completed,1.06,10,,,1.09,10,1.07,8.06,1.08,12
5,Melbourne,Australian Open,1/22/2026,Grand Slam,Outdoor,Hard,2nd Round,5,Quinn E.,Hurkacz H.,80,55,733,965,6,4,7,6,6,1,,,,,3,0,Completed,4,1.25,,,4,1.26,3.9,1.24,4.2,1.29
5,Melbourne,Australian Open,1/22/2026,Grand Slam,Outdoor,Hard,2nd Round,5,Djokovic N.,Maestrelli F.,4,141,4780,436,6,3,6,2,6,2,,,,,3,0,Completed,1.01,29,,,1.02,29,1.01,17.12,1.03,32
5,Melbourne,Australian Open,1/22/2026,Grand Slam,Outdoor,Hard,2nd Round,5,Van De Zandschulp B.,Shang J.,75,318,759,165,7,6,6,2,6,3,,,,,3,0,Completed,2.3,1.62,,,2.3,1.7,2.22,1.64,2.3,1.73
5,Melbourne,Australian Open,1/22/2026,Grand Slam,Outdoor,Hard,2nd Round,5,Spizzirri E.,Wu Y.,85,168,725,347,6,2,6,4,6,7,4,6,6,3,3,2,Completed,1.67,2.2,,,1.7,2.21,1.67,2.17,1.72,2.34
5,Melbourne,Australian Open,1/22/2026,Grand Slam,Outdoor,Hard,2nd Round,5,Wawrinka S.,Gea A.,139,198,437,300,4,6,6,3,3,6,7,5,7,6,3,2,Completed,2.5,1.53,,,2.5,1.58,2.4,1.55,2.56,1.63
5,Melbourne,Australian Open,1/22/2026,Grand Slam,Outdoor,Hard,2nd Round,5,Machac T.,Tsitsipas S.,24,35,1610,1455,6,4,3,6,7,6,7,6,,,3,1,Completed,1.67,2.2,,,1.7,2.45,1.59,2.32,1.65,2.52
5,Melbourne,Australian Open,1/22/2026,Grand Slam,Outdoor,Hard,2nd Round,5,Cilic M.,Shapovalov D.,70,23,790,1650,6,4,6,3,6,2,,,,,3,0,Completed,2.2,1.67,,,2.3,1.7,2.21,1.65,2.4,1.7
5,Melbourne,Australian Open,1/22/2026,Grand Slam,Outdoor,Hard,2nd Round,5,Fritz T.,Kopriva V.,9,101,3840,626,6,1,6,4,7,6,,,,,3,0,Completed,1.08,8,,,1.09,8.5,1.08,7.73,1.1,10
5,Melbourne,Australian Open,1/22/2026,Grand Slam,Outdoor,Hard,2nd Round,5,Sinner J.,Duckworth J.,2,88,11500,694,6,1,6,4,6,2,,,,,3,0,Completed,1,51,,,1.01,51,1.01,22.15,1.01,90
5,Melbourne,Australian Open,1/22/2026,Grand Slam,Outdoor,Hard,2nd Round,5,Ruud C.,Munar J.,13,39,2795,1335,6,3,7,5,6,4,,,,,3,0,Completed,1.4,3,,,1.42,3.1,1.39,2.92,1.44,3.25
5,Melbourne,Australian Open,1/23/2026,Grand Slam,Outdoor,Hard,3rd Round,5,Tien L.,Borges N.,29,46,1540,1070,7,6,6,4,6,2,,,,,3,0,Completed,1.4,3,,,1.44,3,1.42,2.82,1.46,3.1
5,Melbourne,Australian Open,1/23/2026,Grand Slam,Outdoor,Hard,3rd Round,5,Medvedev D.,Marozsan F.,12,47,2910,1065,6,7,4,6,7,5,6,0,6,3,3,2,Completed,1.17,5,,,1.19,5,1.18,4.67,1.22,5.4
5,Melbourne,Australian Open,1/23/2026,Grand Slam,Outdoor,Hard,3rd Round,5,Paul T.,Davidovich Fokina A.,20,14,2050,2635,6,1,6,1,,,,,,,2,0,Retired,1.44,2.75,,,1.5,2.8,1.47,2.65,1.54,2.8
5,Melbourne,Australian Open,1/23/2026,Grand Slam,Outdoor,Hard,3rd Round,5,Alcaraz C.,Moutet C.,1,37,12050,1383,6,2,6,4,6,1,,,,,3,0,Completed,1.01,21,,,1.02,23,1.01,17.54,1.03,32
5,Melbourne,Australian Open,1/23/2026,Grand Slam,Outdoor,Hard,3rd Round,5,Cerundolo F.,Rublev A.,21,15,2035,2600,6,3,7,6,6,3,,,,,3,0,Completed,2.1,1.73,,,2.2,1.75,2.1,1.72,2.26,1.78
5,Melbourne,Australian Open,1/23/2026,Grand Slam,Outdoor,Hard,3rd Round,5,De Minaur A.,Tiafoe F.,6,34,4080,1500,6,3,6,4,7,5,,,,,3,0,Completed,1.17,5,,,1.18,5.1,1.17,4.8,1.19,6
5,Melbourne,Australian Open,1/23/2026,Grand Slam,Outdoor,Hard,3rd Round,5,Zverev A.,Norrie C.,3,27,5105,1553,7,5,4,6,6,3,6,1,,,3,1,Completed,1.2,4.5,,,1.22,5.25,1.21,4.35,1.23,5.1
5,Melbourne,Australian Open,1/23/2026,Grand Slam,Outdoor,Hard,3rd Round,5,Bublik A.,Etcheverry T.,10,62,3065,895,7,6,7,6,6,4,,,,,3,0,Completed,1.2,4.5,,,1.25,4.5,1.22,4.12,1.25,4.9
5,Melbourne,Australian Open,1/23/2026,Grand Slam,Outdoor,Hard,3rd Round,5,Musetti L.,Machac T.,5,24,4105,1610,5,7,6,4,6,2,5,7,6,2,3,2,Completed,1.5,2.63,,,1.54,2.63,1.5,2.52,1.56,2.74
5,Melbourne,Australian Open,1/23/2026,Grand Slam,Outdoor,Hard,3rd Round,5,Darderi L.,Khachanov K.,25,18,1599,2320,7,6,3,6,6,3,6,4,,,3,1,Completed,4.5,1.2,,,4.5,1.23,4.26,1.21,4.8,1.25
5,Melbourne,Australian Open,1/24/2026,Grand Slam,Outdoor,Hard,3rd Round,5,Sinner J.,Spizzirri E.,2,85,11500,725,4,6,6,3,6,4,6,4,,,3,1,Completed,-,41,,,1.01,67,1.01,33.15,1.01,70
5,Melbourne,Australian Open,1/24/2026,Grand Slam,Outdoor,Hard,3rd Round,5,Shelton B.,Vacherot V.,7,31,4000,1519,6,4,6,4,7,6,,,,,3,0,Completed,1.22,4.33,,,1.29,4.33,1.23,4.04,1.26,4.7
5,Melbourne,Australian Open,1/24/2026,Grand Slam,Outdoor,Hard,3rd Round,5,Fritz T.,Wawrinka S.,9,139,3840,437,7,6,2,6,6,4,6,4,,,3,1,Completed,1.08,8,,,1.09,8.5,1.08,7.48,1.1,10
5,Melbourne,Australian Open,1/24/2026,Grand Slam,Outdoor,Hard,3rd Round,5,Djokovic N.,Van De Zandschulp B.,4,75,4780,759,6,3,6,4,7,6,,,,,3,0,Completed,1.06,10,,,1.08,10,1.07,8.23,1.08,12
5,Melbourne,Australian Open,1/24/2026,Grand Slam,Outdoor,Hard,3rd Round,5,Mensik J.,Quinn E.,17,80,2345,733,6,2,7,6,7,6,,,,,3,0,Completed,1.44,2.75,,,1.48,2.75,1.45,2.69,1.53,2.88
5,Melbourne,Australian Open,1/24/2026,Grand Slam,Outdoor,Hard,3rd Round,5,Ruud C.,Cilic M.,13,70,2795,790,6,4,6,4,3,6,7,5,,,3,1,Completed,1.33,3.4,,,1.4,3.4,1.35,3.14,1.38,3.55
5,Melbourne,Australian Open,1/25/2026,Grand Slam,Outdoor,Hard,4th Round,5,Alcaraz C.,Paul T.,1,20,12050,2050,7,6,6,4,7,5,,,,,3,0,Completed,1.08,8,,,1.12,8,1.09,6.94,1.11,9.2
5,Melbourne,Australian Open,1/25/2026,Grand Slam,Outdoor,Hard,4th Round,5,Zverev A.,Cerundolo F.,3,21,5105,2035,6,2,6,4,6,4,,,,,3,0,Completed,1.36,3.2,,,1.4,3.25,1.35,3.12,1.38,3.55
5,Melbourne,Australian Open,1/25/2026,Grand Slam,Outdoor,Hard,4th Round,5,Tien L.,Medvedev D.,29,12,1540,2910,6,4,6,0,6,3,,,,,3,0,Completed,2.75,1.44,,,3,1.48,2.75,1.43,3.05,1.47
5,Melbourne,Australian Open,1/25/2026,Grand Slam,Outdoor,Hard,4th Round,5,De Minaur A.,Bublik A.,6,10,4080,3065,6,4,6,1,6,1,,,,,3,0,Completed,1.53,2.5,,,1.6,2.55,1.55,2.41,1.59,2.66
5,Melbourne,Australian Open,1/26/2026,Grand Slam,Outdoor,Hard,4th Round,5,Musetti L.,Fritz T.,5,9,4105,3840,6,2,7,5,6,4,,,,,3,0,Completed,2.1,1.73,,,2.15,1.75,2.1,1.72,2.2,1.82
5,Melbourne,Australian Open,1/26/2026,Grand Slam,Outdoor,Hard,4th Round,5,Sinner J.,Darderi L.,2,25,11500,1599,6,1,6,3,7,6,,,,,3,0,Completed,1.01,26,,,1.02,26,1.02,16.08,1.03,29
5,Melbourne,Australian Open,1/26/2026,Grand Slam,Outdoor,Hard,4th Round,5,Djokovic N.,Mensik J.,4,17,4780,2345,,,,,,,,,,,,,Walkover,1.25,4,,,1.29,4,1.26,3.72,1.29,4.2
5,Melbourne,Australian Open,1/26/2026,Grand Slam,Outdoor,Hard,4th Round,5,Shelton B.,Ruud C.,7,13,4000,2795,3,6,6,4,6,3,6,4,,,3,1,Completed,1.53,2.5,,,1.55,2.6,1.53,2.47,1.58,2.7
5,Melbourne,Australian Open,1/27/2026,Grand Slam,Outdoor,Hard,Quarterfinals,5,Zverev A.,Tien L.,3,29,5105,1540,6,3,6,7,6,1,7,6,,,3,1,Completed,1.44,2.75,,,1.5,2.9,1.44,2.75,1.47,3.1
5,Melbourne,Australian Open,1/27/2026,Grand Slam,Outdoor,Hard,Quarterfinals,5,Alcaraz C.,De Minaur A.,1,6,12050,4080,7,5,6,2,6,1,,,,,3,0,Completed,1.14,5.5,,,1.16,6,1.14,5.39,1.17,6.6
5,Melbourne,Australian Open,1/28/2026,Grand Slam,Outdoor,Hard,Quarterfinals,5,Djokovic N.,Musetti L.,4,5,4780,4105,4,6,3,6,3,1,,,,,0,2,Retired,1.3,3.5,,,1.35,4,1.31,3.38,1.38,3.55
5,Melbourne,Australian Open,1/28/2026,Grand Slam,Outdoor,Hard,Quarterfinals,5,Sinner J.,Shelton B.,2,7,11500,4000,6,3,6,4,6,4,,,,,3,0,Completed,1.08,8,,,1.1,8.5,1.08,7.42,1.11,9.4
5,Melbourne,Australian Open,1/30/2026,Grand Slam,Outdoor,Hard,Semifinals,5,Alcaraz C.,Zverev A.,1,3,12050,5105,6,4,7,6,6,7,6,7,7,5,3,2,Completed,1.14,5.5,,,1.19,5.5,1.16,5.19,1.2,5.9
5,Melbourne,Australian Open,1/30/2026,Grand Slam,Outdoor,Hard,Semifinals,5,Djokovic N.,Sinner J.,4,2,4780,11500,3,6,6,3,4,6,6,4,6,4,3,2,Completed,10,1.06,,,10,1.08,8.63,1.07,10,1.1
5,Melbourne,Australian Open,2/1/2026,Grand Slam,Outdoor,Hard,The Final,5,Alcaraz C.,Djokovic N.,1,4,12050,4780,2,6,6,2,6,3,7,5,,,3,1,Completed,1.3,3.5,,,1.33,3.8,1.31,3.44,1.36,3.7
6,Montpellier,Open Sud de France,2/2/2026,ATP250,Indoor,Hard,1st Round,3,Mannarino A.,Martinez P.,70,77,810,728,7,6,6,1,,,,,,,2,0,Completed,1.62,2.3,,,1.67,2.32,1.61,2.25,1.67,2.46
6,Montpellier,Open Sud de France,2/2/2026,ATP250,Indoor,Hard,1st Round,3,Gea A.,Mpetshi G.,168,57,353,905,6,3,0,0,,,,,,,1,0,Retired,2.2,1.67,,,2.25,1.75,2.16,1.67,2.26,1.78
6,Montpellier,Open Sud de France,2/2/2026,ATP250,Indoor,Hard,1st Round,3,Bautista Agut R.,O Connell C.,89,119,670,511,5,7,6,3,7,5,,,,,2,1,Completed,1.67,2.2,,,1.68,2.4,1.62,2.24,1.68,2.42
6,Montpellier,Open Sud de France,2/3/2026,ATP250,Indoor,Hard,1st Round,3,Carreno Busta P.,Kecmanovic M.,100,69,616,820,4,6,6,3,7,6,,,,,2,1,Completed,2.1,1.73,,,2.18,1.8,2.1,1.7,2.26,1.77
6,Montpellier,Open Sud de France,2/3/2026,ATP250,Indoor,Hard,1st Round,3,Damm M.,Hurkacz H.,160,52,373,965,7,6,6,4,,,,,,,2,0,Completed,4,1.25,,,4.33,1.26,3.95,1.24,4.6,1.27
6,Montpellier,Open Sud de France,2/3/2026,ATP250,Indoor,Hard,1st Round,3,Droguet T.,Choinski J.,150,125,403,498,6,2,7,6,,,,,,,2,0,Completed,1.3,3.5,,,1.32,3.75,1.3,3.43,1.34,3.75
6,Montpellier,Open Sud de France,2/3/2026,ATP250,Indoor,Hard,1st Round,3,Humbert U.,Van De Zandschulp B.,38,67,1320,849,6,3,6,4,,,,,,,2,0,Completed,1.29,3.75,,,1.3,4.25,1.29,3.53,1.34,3.85
6,Montpellier,Open Sud de France,2/3/2026,ATP250,Indoor,Hard,1st Round,3,Fils A.,Royer V.,42,56,1110,920,7,6,6,7,6,2,,,,,2,1,Completed,1.67,2.2,,,1.73,2.25,1.66,2.17,1.8,2.24
6,Montpellier,Open Sud de France,2/3/2026,ATP250,Indoor,Hard,1st Round,3,Blanchet U.,Vavassori A.,174,282,343,185,6,4,6,3,,,,,,,2,0,Completed,2.3,1.62,,,2.38,1.62,2.29,1.59,2.44,1.68
6,Montpellier,Open Sud de France,2/4/2026,ATP250,Indoor,Hard,1st Round,3,Nardi L.,Basilashvili N.,106,137,571,464,6,3,6,3,,,,,,,2,0,Completed,1.62,2.3,,,1.65,2.3,1.62,2.23,1.72,2.36
6,Montpellier,Open Sud de France,2/4/2026,ATP250,Indoor,Hard,1st Round,3,Kovacevic A.,Kouame M.,83,551,709,70,6,7,6,2,6,2,,,,,2,1,Completed,1.4,3,,,1.43,3,1.41,2.82,1.44,3.2
6,Montpellier,Open Sud de France,2/4/2026,ATP250,Indoor,Hard,1st Round,3,Wawrinka S.,Medjedovic H.,113,80,537,717,7,6,6,4,,,,,,,2,0,Completed,2.75,1.44,,,2.75,1.56,2.54,1.5,2.88,1.52
6,Montpellier,Open Sud de France,2/4/2026,ATP250,Indoor,Hard,2nd Round,3,Damm M.,Bautista Agut R.,160,89,373,670,6,1,6,3,,,,,,,2,0,Completed,1.67,2.2,,,1.7,2.25,1.65,2.17,1.71,2.38
6,Montpellier,Open Sud de France,2/4/2026,ATP250,Indoor,Hard,2nd Round,3,Mannarino A.,Humbert U.,70,38,810,1320,6,7,6,3,7,6,,,,,2,1,Completed,5,1.17,,,5.5,1.19,4.78,1.17,5.3,1.22
6,Montpellier,Open Sud de France,2/4/2026,ATP250,Indoor,Hard,2nd Round,3,Gea A.,Machac T.,168,28,353,1610,6,3,4,5,,,,,,,1,0,Retired,2.75,1.44,,,2.9,1.44,2.78,1.42,3,1.49
6,Montpellier,Open Sud de France,2/5/2026,ATP250,Indoor,Hard,2nd Round,3,Droguet T.,Kovacevic A.,150,83,403,709,4,6,7,6,6,4,,,,,2,1,Completed,1.8,2,,,1.86,2.05,1.8,1.98,1.93,2.04
6,Montpellier,Open Sud de France,2/5/2026,ATP250,Indoor,Hard,2nd Round,3,Griekspoor T.,Carreno Busta P.,29,100,1565,616,6,4,6,4,,,,,,,2,0,Completed,1.62,2.3,,,1.67,2.3,1.63,2.23,1.71,2.38
6,Montpellier,Open Sud de France,2/5/2026,ATP250,Indoor,Hard,2nd Round,3,Nardi L.,Cobolli F.,106,20,571,1955,6,2,6,3,,,,,,,2,0,Completed,2.1,1.73,,,2.15,1.73,2.11,1.7,2.22,1.81
6,Montpellier,Open Sud de France,2/5/2026,ATP250,Indoor,Hard,2nd Round,3,Auger-Aliassime F.,Wawrinka S.,8,113,3725,537,6,4,7,6,,,,,,,2,0,Completed,1.3,3.5,,,1.33,3.5,1.3,3.41,1.35,3.75
6,Montpellier,Open Sud de France,2/5/2026,ATP250,Indoor,Hard,2nd Round,3,Fils A.,Blanchet U.,42,174,1110,343,7,6,7,5,,,,,,,2,0,Completed,1.25,4,,,1.27,4.25,1.24,3.86,1.24,5
6,Montpellier,Open Sud de France,2/6/2026,ATP250,Indoor,Hard,Quarterfinals,3,Mannarino A.,Gea A.,70,168,810,353,5,7,6,4,6,4,,,,,2,1,Completed,2.1,1.73,,,2.15,1.75,2.1,1.71,2.2,1.8
6,Montpellier,Open Sud de France,2/6/2026,ATP250,Indoor,Hard,Quarterfinals,3,Damm M.,Nardi L.,160,106,373,571,6,3,7,6,,,,,,,2,0,Completed,,,,,1.8,2.06,1.77,2,1.88,2.12
6,Montpellier,Open Sud de France,2/6/2026,ATP250,Indoor,Hard,Quarterfinals,3,Auger-Aliassime F.,Fils A.,8,42,3725,1110,6,4,6,2,,,,,,,2,0,Completed,1.5,2.63,,,1.52,2.65,1.49,2.57,1.57,2.7
6,Montpellier,Open Sud de France,2/6/2026,ATP250,Indoor,Hard,Quarterfinals,3,Droguet T.,Griekspoor T.,150,29,403,1565,7,6,7,6,,,,,,,2,0,Completed,2.5,1.53,,,2.55,1.55,2.38,1.53,2.72,1.57
6,Montpellier,Open Sud de France,2/7/2026,ATP250,Indoor,Hard,Semifinals,3,Mannarino A.,Damm M.,70,160,810,373,1,6,6,3,6,4,,,,,2,1,Completed,2.3,1.62,,,2.3,1.65,2.25,1.61,2.42,1.69
6,Montpellier,Open Sud de France,2/7/2026,ATP250,Indoor,Hard,Semifinals,3,Auger-Aliassime F.,Droguet T.,8,150,3725,403,6,4,6,7,6,1,,,,,2,1,Completed,1.22,4.33,,,1.25,4.75,1.21,4.26,1.24,5.1
6,Montpellier,Open Sud de France,2/8/2026,ATP250,Indoor,Hard,The Final,3,Auger-Aliassime F.,Mannarino A.,8,70,3725,810,6,3,7,6,,,,,,,2,0,Completed,1.17,5,,,1.19,5.25,1.17,4.85,1.19,6
7,Buenos Aires,Argentina Open,2/9/2026,ATP250,Outdoor,Clay,1st Round,3,Dellien H.,Dzumhur D.,167,62,355,877,6,4,6,1,,,,,,,2,0,Completed,1.8,2,,,1.83,2.05,1.81,1.96,1.92,2.06
7,Buenos Aires,Argentina Open,2/9/2026,ATP250,Outdoor,Clay,1st Round,3,Martinez P.,Midon L.,94,229,636,245,6,4,6,1,,,,,,,2,0,Completed,1.73,2.1,,,1.8,2.1,1.75,2.04,1.8,2.2
7,Buenos Aires,Argentina Open,2/9/2026,ATP250,Outdoor,Clay,1st Round,3,Etcheverry T.,Pellegrino A.,54,145,945,434,6,3,6,4,,,,,,,2,0,Completed,1.2,4.5,,,1.22,4.5,1.2,4.36,1.23,5.2
7,Buenos Aires,Argentina Open,2/9/2026,ATP250,Outdoor,Clay,1st Round,3,Kopriva V.,Barrena A.,95,180,632,336,6,4,3,6,6,4,,,,,2,1,Completed,1.44,2.75,,,1.54,2.75,1.48,2.59,1.52,2.88
7,Buenos Aires,Argentina Open,2/10/2026,ATP250,Outdoor,Clay,1st Round,3,Cerundolo J.M.,Altmaier D.,80,51,717,995,6,2,6,2,,,,,,,2,0,Completed,1.67,2.2,,,1.72,2.31,1.64,2.21,1.73,2.3
7,Buenos Aires,Argentina Open,2/10/2026,ATP250,Outdoor,Clay,1st Round,3,Barrios M.,Seyboth Wild T.,114,197,546,305,4,6,6,5,,,,,,,0,1,Retired,1.62,2.3,,,1.67,2.3,1.63,2.23,1.71,2.34
7,Buenos Aires,Argentina Open,2/10/2026,ATP250,Outdoor,Clay,1st Round,3,Tabilo A.,Diaz Acosta F.,71,285,774,182,7,6,6,3,,,,,,,2,0,Completed,1.8,2,,,1.8,2.09,1.77,2.01,1.91,2.06
7,Buenos Aires,Argentina Open,2/10/2026,ATP250,Outdoor,Clay,1st Round,3,Burruchaga R.,Djere L.,104,91,568,651,6,2,6,4,,,,,,,2,0,Completed,1.67,2.2,,,1.75,2.2,1.69,2.14,1.76,2.28
7,Buenos Aires,Argentina Open,2/10/2026,ATP250,Outdoor,Clay,1st Round,3,Buse I.,Passaro F.,96,159,623,376,5,7,7,5,6,4,,,,,2,1,Completed,2.38,1.57,,,2.4,1.58,2.36,1.56,2.58,1.61
7,Buenos Aires,Argentina Open,2/10/2026,ATP250,Outdoor,Clay,1st Round,3,Berrettini M.,Coria F.,58,322,895,156,7,5,7,5,,,,,,,2,0,Completed,1.11,6.5,,,1.14,7.5,1.12,5.99,1.13,7.8
7,Buenos Aires,Argentina Open,2/11/2026,ATP250,Outdoor,Clay,1st Round,3,Ugo Carabelli C.,Comesana F.,47,63,1028,869,6,4,7,6,,,,,,,2,0,Completed,1.73,2.1,,,1.8,2.13,1.72,2.08,1.81,2.2
7,Buenos Aires,Argentina Open,2/11/2026,ATP250,Outdoor,Clay,1st Round,3,Navone M.,Nava E.,73,81,760,710,6,2,6,1,,,,,,,2,0,Completed,1.44,2.75,,,1.48,2.75,1.45,2.67,1.51,2.9
7,Buenos Aires,Argentina Open,2/11/2026,ATP250,Outdoor,Clay,2nd Round,3,Etcheverry T.,Burruchaga R.,54,104,945,568,7,6,6,7,6,4,,,,,2,1,Completed,1.44,2.75,,,2.48,2.75,1.56,2.54,1.59,2.66
7,Buenos Aires,Argentina Open,2/11/2026,ATP250,Outdoor,Clay,2nd Round,3,Kopriva V.,Berrettini M.,95,58,632,895,6,4,6,3,,,,,,,2,0,Completed,3,1.4,,,3.1,1.44,2.95,1.38,3.1,1.46
7,Buenos Aires,Argentina Open,2/11/2026,ATP250,Outdoor,Clay,2nd Round,3,Tabilo A.,Fonseca J.,71,33,774,1440,6,3,3,6,7,5,,,,,2,1,Completed,2.38,1.57,,,2.4,1.62,2.33,1.57,2.54,1.62
7,Buenos Aires,Argentina Open,2/12/2026,ATP250,Outdoor,Clay,2nd Round,3,Cerundolo F.,Dellien H.,19,167,2135,355,6,0,7,6,,,,,,,2,0,Completed,1.13,6,,,1.17,6,1.14,5.43,1.17,6.4
7,Buenos Aires,Argentina Open,2/12/2026,ATP250,Outdoor,Clay,2nd Round,3,Darderi L.,Barrios M.,22,114,1789,546,6,1,6,3,,,,,,,2,0,Completed,1.3,3.5,,,1.3,4.4,1.29,3.54,1.35,3.75
7,Buenos Aires,Argentina Open,2/12/2026,ATP250,Outdoor,Clay,2nd Round,3,Martinez P.,Cerundolo J.M.,94,80,636,717,7,6,6,4,,,,,,,2,0,Completed,2.5,1.53,,,2.5,1.57,2.43,1.54,2.5,1.65
7,Buenos Aires,Argentina Open,2/12/2026,ATP250,Outdoor,Clay,2nd Round,3,Baez S.,Buse I.,34,96,1420,623,6,4,6,3,,,,,,,2,0,Completed,1.36,3.2,,,1.4,3.2,1.36,3.08,1.39,3.5
7,Buenos Aires,Argentina Open,2/12/2026,ATP250,Outdoor,Clay,2nd Round,3,Ugo Carabelli C.,Navone M.,47,73,1028,760,6,2,7,5,,,,,,,2,0,Completed,2.3,1.62,,,2.3,1.67,2.2,1.64,2.32,1.75
7,Buenos Aires,Argentina Open,2/13/2026,ATP250,Outdoor,Clay,Quarterfinals,3,Etcheverry T.,Tabilo A.,54,71,945,774,1,6,6,3,6,4,,,,,2,1,Completed,1.62,2.3,,,1.67,2.38,1.59,2.3,1.7,2.4
7,Buenos Aires,Argentina Open,2/13/2026,ATP250,Outdoor,Clay,Quarterfinals,3,Cerundolo F.,Kopriva V.,19,95,2135,632,6,4,6,3,,,,,,,2,0,Completed,1.14,5.5,,,1.17,6,1.15,5.28,1.18,6.2
7,Buenos Aires,Argentina Open,2/13/2026,ATP250,Outdoor,Clay,Quarterfinals,3,Baez S.,Ugo Carabelli C.,34,47,1420,1028,7,6,6,2,,,,,,,2,0,Completed,1.5,2.63,,,1.53,2.75,1.5,2.55,1.58,2.68
7,Buenos Aires,Argentina Open,2/14/2026,ATP250,Outdoor,Clay,Quarterfinals,3,Darderi L.,Martinez P.,22,94,1789,636,7,5,6,1,,,,,,,2,0,Completed,1.17,5.5,,,1.19,5.5,1.17,4.91,1.18,6.4
7,Buenos Aires,Argentina Open,2/14/2026,ATP250,Outdoor,Clay,Semifinals,3,Cerundolo F.,Etcheverry T.,19,54,2135,945,6,3,7,5,,,,,,,2,0,Completed,1.4,3,,,1.4,3.2,1.39,2.94,1.44,3.25
7,Buenos Aires,Argentina Open,2/14/2026,ATP250,Outdoor,Clay,Semifinals,3,Darderi L.,Baez S.,22,34,1789,1420,7,6,6,1,,,,,,,2,0,Completed,1.62,2.3,,,1.65,2.33,1.62,2.26,1.68,2.44
7,Buenos Aires,Argentina Open,2/15/2026,ATP250,Outdoor,Clay,The Final,3,Cerundolo F.,Darderi L.,19,22,2135,1789,6,4,6,2,,,,,,,2,0,Completed,1.91,1.91,,,1.93,1.91,1.9,1.88,2.02,1.97
8,Dallas,Dallas Open,2/9/2026,ATP500,Indoor,Hard,1st Round,3,Nakashima B.,Bellucci M.,29,107,1535,553,6,3,6,4,,,,,,,2,0,Completed,1.4,3,,,1.44,3,1.4,2.9,1.44,3.2
8,Dallas,Dallas Open,2/9/2026,ATP500,Indoor,Hard,1st Round,3,Davidovich Fokina A.,Svajda Z.,14,110,2535,551,6,4,7,6,,,,,,,2,0,Completed,1.44,2.75,,,1.46,3.5,1.44,2.75,1.5,2.92
8,Dallas,Dallas Open,2/10/2026,ATP500,Indoor,Hard,1st Round,3,Tiafoe F.,Atmane T.,30,64,1510,849,4,6,6,2,6,2,,,,,2,1,Completed,1.25,4,,,1.28,4,1.26,3.77,1.29,4.3
8,Dallas,Dallas Open,2/10/2026,ATP500,Indoor,Hard,1st Round,3,Korda S.,Zheng M.,53,151,960,414,6,3,6,4,,,,,,,2,0,Completed,1.36,3.2,,,1.4,3.3,1.36,3.07,1.41,3.35
8,Dallas,Dallas Open,2/10/2026,ATP500,Indoor,Hard,1st Round,3,Cilic M.,Tien L.,61,23,890,1710,7,5,7,6,,,,,,,2,0,Completed,3.2,1.36,,,3.25,1.41,3.02,1.37,3.3,1.42
8,Dallas,Dallas Open,2/10/2026,ATP500,Indoor,Hard,1st Round,3,Kecmanovic M.,Shimabukuro S.,66,144,820,441,6,7,6,3,7,6,,,,,2,1,Completed,1.57,2.38,,,1.65,2.5,1.57,2.34,1.64,2.5
8,Dallas,Dallas Open,2/10/2026,ATP500,Indoor,Hard,1st Round,3,Michelsen A.,Dimitrov G.,41,43,1160,1105,5,7,6,4,6,4,,,,,2,1,Completed,1.8,2,,,1.91,2,1.86,1.91,1.95,2
8,Dallas,Dallas Open,2/10/2026,ATP500,Indoor,Hard,1st Round,3,Pinnington Jones J.,Cobolli F.,181,20,331,1955,6,2,6,2,,,,,,,2,0,Completed,2.5,1.53,,,2.75,1.55,2.46,1.53,2.66,1.59
8,Dallas,Dallas Open,2/10/2026,ATP500,Indoor,Hard,1st Round,3,Shelton B.,Diallo G.,9,38,3560,1175,6,4,6,4,,,,,,,2,0,Completed,1.17,5,,,1.2,5,1.18,4.64,1.2,5.7
8,Dallas,Dallas Open,2/11/2026,ATP500,Indoor,Hard,1st Round,3,Fritz T.,Giron M.,7,59,3940,895,6,4,5,7,7,6,,,,,2,1,Completed,1.4,3,,,1.4,3.2,1.38,2.96,1.39,3.55
8,Dallas,Dallas Open,2/11/2026,ATP500,Indoor,Hard,1st Round,3,Kovacevic A.,Kypson P.,78,109,721,552,6,4,7,6,,,,,,,2,0,Completed,,,,,1.7,4.33,1.59,2.44,1.69,2.26
8,Dallas,Dallas Open,2/11/2026,ATP500,Indoor,Hard,1st Round,3,Shapovalov D.,Jodar R.,40,124,1160,498,6,1,6,2,,,,,,,2,0,Completed,1.73,2.1,,,1.85,2.2,1.74,2.05,1.81,2.2
8,Dallas,Dallas Open,2/11/2026,ATP500,Indoor,Hard,1st Round,3,Paul T.,Brooksby J.,24,45,1700,1042,4,6,6,4,7,6,,,,,2,1,Completed,1.33,3.4,,,1.36,3.45,1.33,3.23,1.38,3.6
8,Dallas,Dallas Open,2/11/2026,ATP500,Indoor,Hard,1st Round,3,Quinn E.,Svajda T.,74,363,758,131,7,6,7,5,,,,,,,2,0,Completed,1.25,4,,,1.26,4.33,1.25,3.85,1.3,4.2
8,Dallas,Dallas Open,2/11/2026,ATP500,Indoor,Hard,1st Round,3,Spizzirri E.,Duckworth J.,68,83,781,691,6,2,6,4,,,,,,,2,0,Completed,1.3,3.5,,,1.33,4.25,1.29,3.51,1.32,3.9
8,Dallas,Dallas Open,2/11/2026,ATP500,Indoor,Hard,1st Round,3,Mannarino A.,Walton A.,52,93,975,643,6,4,6,2,,,,,,,2,0,Completed,1.67,2.2,,,1.75,2.25,1.67,2.15,1.71,2.36
8,Dallas,Dallas Open,2/11/2026,ATP500,Indoor,Hard,2nd Round,3,Davidovich Fokina A.,Michelsen A.,14,41,2535,1160,6,4,6,4,,,,,,,2,0,Completed,1.73,2.1,,,1.8,2.1,1.75,2.04,1.86,2.14
8,Dallas,Dallas Open,2/12/2026,ATP500,Indoor,Hard,2nd Round,3,Fritz T.,Nakashima B.,7,29,3940,1535,6,3,6,4,,,,,,,2,0,Completed,1.57,2.38,,,1.65,2.5,1.59,2.32,1.68,2.42
8,Dallas,Dallas Open,2/12/2026,ATP500,Indoor,Hard,2nd Round,3,Korda S.,Tiafoe F.,53,30,960,1510,7,5,6,1,,,,,,,2,0,Completed,1.73,2.1,,,1.8,2.2,1.71,2.1,1.83,2.16
8,Dallas,Dallas Open,2/12/2026,ATP500,Indoor,Hard,2nd Round,3,Cilic M.,Quinn E.,61,74,890,758,7,6,6,3,,,,,,,2,0,Completed,1.53,2.5,,,1.55,2.5,1.53,2.46,1.6,2.62
8,Dallas,Dallas Open,2/12/2026,ATP500,Indoor,Hard,2nd Round,3,Pinnington Jones J.,Spizzirri E.,181,68,331,781,7,6,4,6,7,6,,,,,2,1,Completed,2.63,1.5,,,2.75,1.53,2.63,1.47,2.8,1.54
8,Dallas,Dallas Open,2/12/2026,ATP500,Indoor,Hard,2nd Round,3,Shapovalov D.,Kovacevic A.,40,78,1160,721,6,4,6,4,,,,,,,2,0,Completed,1.33,3.4,,,1.34,3.5,1.32,3.29,1.37,3.6
8,Dallas,Dallas Open,2/13/2026,ATP500,Indoor,Hard,2nd Round,3,Shelton B.,Mannarino A.,9,52,3560,975,7,6,6,7,6,3,,,,,2,1,Completed,1.2,4.5,,,1.2,4.75,1.18,4.57,1.21,5.5
8,Dallas,Dallas Open,2/13/2026,ATP500,Indoor,Hard,2nd Round,3,Kecmanovic M.,Paul T.,66,24,820,1700,5,7,6,4,6,4,,,,,2,1,Completed,5,1.17,,,5.5,1.23,4.42,1.2,5.7,1.2
8,Dallas,Dallas Open,2/13/2026,ATP500,Indoor,Hard,Quarterfinals,3,Cilic M.,Pinnington Jones J.,61,181,890,331,6,1,6,4,,,,,,,2,0,Completed,1.29,3.75,,,1.3,3.85,1.28,3.64,1.33,3.9
8,Dallas,Dallas Open,2/13/2026,ATP500,Indoor,Hard,Quarterfinals,3,Fritz T.,Korda S.,7,53,3940,960,6,7,6,4,7,6,,,,,2,1,Completed,1.53,2.5,,,1.57,2.5,1.54,2.43,1.59,2.66
8,Dallas,Dallas Open,2/14/2026,ATP500,Indoor,Hard,Quarterfinals,3,Shelton B.,Kecmanovic M.,9,66,3560,820,5,7,6,3,6,4,,,,,2,1,Completed,1.2,4.5,,,1.21,5.25,1.19,4.52,1.2,5.7
8,Dallas,Dallas Open,2/14/2026,ATP500,Indoor,Hard,Quarterfinals,3,Shapovalov D.,Davidovich Fokina A.,40,14,1160,2535,5,7,6,4,6,3,,,,,2,1,Completed,1.73,2.1,,,1.9,2.2,1.72,2.09,1.86,2.12
8,Dallas,Dallas Open,2/14/2026,ATP500,Indoor,Hard,Semifinals,3,Fritz T.,Cilic M.,7,61,3940,890,7,6,7,6,,,,,,,2,0,Completed,1.53,2.5,,,1.57,2.5,1.54,2.43,1.59,2.66
8,Dallas,Dallas Open,2/14/2026,ATP500,Indoor,Hard,Semifinals,3,Shelton B.,Shapovalov D.,9,40,3560,1160,4,6,6,4,7,6,,,,,2,1,Completed,1.5,2.63,,,1.56,2.75,1.5,2.55,1.54,2.82
8,Dallas,Dallas Open,2/15/2026,ATP500,Indoor,Hard,The Final,3,Shelton B.,Fritz T.,9,7,3560,3940,3,6,6,3,7,5,,,,,2,1,Completed,2.1,1.73,,,2.2,1.76,2.08,1.73,2.18,1.81
9,Rotterdam,ABN AMRO World Tennis Tournament,2/9/2026,ATP500,Indoor,Hard,1st Round,3,Norrie C.,Bautista Agut R.,26,85,1603,685,7,6,6,1,,,,,,,2,0,Completed,1.29,3.75,,,1.33,4,1.27,3.7,1.31,4
9,Rotterdam,ABN AMRO World Tennis Tournament,2/9/2026,ATP500,Indoor,Hard,1st Round,3,Humbert U.,Medvedev D.,36,11,1335,3060,7,6,3,6,6,3,,,,,2,1,Completed,2.75,1.44,,,2.88,1.45,2.76,1.43,3.05,1.47
9,Rotterdam,ABN AMRO World Tennis Tournament,2/9/2026,ATP500,Indoor,Hard,1st Round,3,O Connell C.,Royer V.,119,57,511,897,6,4,4,6,7,6,,,,,2,1,Completed,2,1.8,,,2.2,1.8,2.07,1.74,2.14,1.87
9,Rotterdam,ABN AMRO World Tennis Tournament,2/9/2026,ATP500,Indoor,Hard,1st Round,3,Van De Zandschulp B.,Pavlovic L.,65,219,849,262,7,6,6,3,,,,,,,2,0,Completed,1.17,5,,,1.21,5.2,1.18,4.61,1.23,5.2
9,Rotterdam,ABN AMRO World Tennis Tournament,2/9/2026,ATP500,Indoor,Hard,1st Round,3,Munar J.,Budkov Kjaer N.,37,132,1185,476,6,1,6,3,,,,,,,2,0,Completed,1.44,2.75,,,1.5,2.88,1.44,2.75,1.53,2.86
9,Rotterdam,ABN AMRO World Tennis Tournament,2/10/2026,ATP500,Indoor,Hard,1st Round,3,Halys Q.,Rottgering M.,77,614,725,59,3,6,6,1,6,1,,,,,2,1,Completed,1.22,4.33,,,1.25,4.4,1.24,3.98,1.28,4.4
9,Rotterdam,ABN AMRO World Tennis Tournament,2/10/2026,ATP500,Indoor,Hard,1st Round,3,Griekspoor T.,Mpetshi G.,27,56,1585,905,6,4,6,4,,,,,,,2,0,Completed,1.5,2.63,,,1.55,2.63,1.53,2.48,1.57,2.68
9,Rotterdam,ABN AMRO World Tennis Tournament,2/10/2026,ATP500,Indoor,Hard,1st Round,3,Struff J.L.,Grenier H.,82,188,706,323,6,0,6,4,,,,,,,2,0,Completed,1.36,3.2,,,1.38,3.3,1.35,3.17,1.4,3.45
9,Rotterdam,ABN AMRO World Tennis Tournament,2/10/2026,ATP500,Indoor,Hard,1st Round,3,De Minaur A.,Fils A.,8,42,3835,1110,7,6,6,2,,,,,,,2,0,Completed,1.22,4.33,,,1.25,4.33,1.22,4.09,1.26,4.7
9,Rotterdam,ABN AMRO World Tennis Tournament,2/10/2026,ATP500,Indoor,Hard,1st Round,3,Bergs Z.,Medjedovic H.,39,79,1170,717,6,7,6,7,,,,,,,2,0,Completed,1.8,2,,,1.85,2.01,1.81,1.98,1.94,2.04
9,Rotterdam,ABN AMRO World Tennis Tournament,2/11/2026,ATP500,Indoor,Hard,1st Round,3,Wawrinka S.,Boogaard T.,106,1048,562,14,6,3,6,4,,,,,,,2,0,Completed,,,,,1.2,7.5,1.13,5.92,1.2,5.1
9,Rotterdam,ABN AMRO World Tennis Tournament,2/11/2026,ATP500,Indoor,Hard,1st Round,3,Den Ouden G.,Fucsovics M.,169,49,355,1009,7,6,6,1,,,,,,,2,0,Completed,4,1.25,,,4.1,1.25,3.9,1.25,4.1,1.31
9,Rotterdam,ABN AMRO World Tennis Tournament,2/11/2026,ATP500,Indoor,Hard,1st Round,3,Tsitsipas S.,Rinderknech A.,32,28,1445,1542,7,5,6,3,,,,,,,2,0,Completed,1.53,2.5,,,1.57,2.5,1.54,2.47,1.56,2.72
9,Rotterdam,ABN AMRO World Tennis Tournament,2/11/2026,ATP500,Indoor,Hard,1st Round,3,Khachanov K.,De Jong J.,18,86,2320,673,3,6,6,4,7,5,,,,,2,1,Completed,1.14,5.5,,,1.17,5.7,1.14,5.32,1.19,6
9,Rotterdam,ABN AMRO World Tennis Tournament,2/11/2026,ATP500,Indoor,Hard,1st Round,3,Bublik A.,Hurkacz H.,10,70,3235,775,6,7,7,6,7,5,,,,,2,1,Completed,1.67,2.2,,,1.76,2.2,1.71,2.11,1.83,2.2
9,Rotterdam,ABN AMRO World Tennis Tournament,2/11/2026,ATP500,Indoor,Hard,1st Round,3,Auger-Aliassime F.,Popyrin A.,6,50,3950,1000,7,5,6,3,,,,,,,2,0,Completed,1.22,4.33,,,1.22,4.4,1.22,4.14,1.23,5
9,Rotterdam,ABN AMRO World Tennis Tournament,2/11/2026,ATP500,Indoor,Hard,2nd Round,3,O Connell C.,Norrie C.,119,26,511,1603,7,6,6,4,,,,,,,2,0,Completed,4,1.25,,,4,1.3,3.6,1.28,4.1,1.31
9,Rotterdam,ABN AMRO World Tennis Tournament,2/11/2026,ATP500,Indoor,Hard,2nd Round,3,Griekspoor T.,Halys Q.,27,77,1585,725,7,5,7,6,,,,,,,2,0,Completed,1.57,2.38,,,1.6,2.6,1.55,2.43,1.6,2.64
9,Rotterdam,ABN AMRO World Tennis Tournament,2/12/2026,ATP500,Indoor,Hard,2nd Round,3,Humbert U.,Den Ouden G.,36,169,1335,355,6,4,6,3,,,,,,,2,0,Completed,1.1,7,,,1.12,8,1.1,6.77,1.13,8.2
9,Rotterdam,ABN AMRO World Tennis Tournament,2/12/2026,ATP500,Indoor,Hard,2nd Round,3,Munar J.,Khachanov K.,37,18,1185,2320,7,6,3,6,6,3,,,,,2,1,Completed,2.3,1.62,,,2.3,1.7,2.23,1.64,2.42,1.69
9,Rotterdam,ABN AMRO World Tennis Tournament,2/12/2026,ATP500,Indoor,Hard,2nd Round,3,Van De Zandschulp B.,Tsitsipas S.,65,32,849,1445,6,4,7,6,,,,,,,2,0,Completed,3,1.4,,,3,1.5,2.79,1.43,3.15,1.44
9,Rotterdam,ABN AMRO World Tennis Tournament,2/12/2026,ATP500,Indoor,Hard,2nd Round,3,De Minaur A.,Wawrinka S.,8,106,3835,562,6,4,6,2,,,,,,,2,0,Completed,1.1,7,,,1.12,7,1.11,6.58,1.12,8.8
9,Rotterdam,ABN AMRO World Tennis Tournament,2/12/2026,ATP500,Indoor,Hard,2nd Round,3,Auger-Aliassime F.,Medjedovic H.,6,79,3950,717,6,4,6,4,,,,,,,2,0,Completed,1.22,4.33,,,1.27,4.33,1.25,3.84,1.28,4.5
9,Rotterdam,ABN AMRO World Tennis Tournament,2/12/2026,ATP500,Indoor,Hard,2nd Round,3,Bublik A.,Struff J.L.,10,82,3235,706,7,6,4,6,6,3,,,,,2,1,Completed,1.36,3.2,,,1.37,3.5,1.34,3.24,1.36,3.7
9,Rotterdam,ABN AMRO World Tennis Tournament,2/13/2026,ATP500,Indoor,Hard,Quarterfinals,3,Humbert U.,O Connell C.,36,119,1335,511,6,4,6,1,,,,,,,2,0,Completed,1.2,4.5,,,1.22,4.8,1.21,4.36,1.24,4.9
9,Rotterdam,ABN AMRO World Tennis Tournament,2/13/2026,ATP500,Indoor,Hard,Quarterfinals,3,De Minaur A.,Van De Zandschulp B.,8,65,3835,849,3,6,7,6,7,5,,,,,2,1,Completed,1.13,6,,,1.15,6,1.14,5.63,1.16,6.6
9,Rotterdam,ABN AMRO World Tennis Tournament,2/13/2026,ATP500,Indoor,Hard,Quarterfinals,3,Auger-Aliassime F.,Griekspoor T.,6,27,3950,1585,7,6,6,2,,,,,,,2,0,Completed,1.3,3.5,,,1.36,3.6,1.32,3.38,1.39,3.5
9,Rotterdam,ABN AMRO World Tennis Tournament,2/13/2026,ATP500,Indoor,Hard,Quarterfinals,3,Bublik A.,Munar J.,10,37,3235,1185,6,4,6,7,7,6,,,,,2,1,Completed,1.5,2.63,,,1.5,2.75,1.49,2.63,1.51,2.92
9,Rotterdam,ABN AMRO World Tennis Tournament,2/14/2026,ATP500,Indoor,Hard,Semifinals,3,De Minaur A.,Humbert U.,8,36,3835,1335,6,4,6,3,,,,,,,2,0,Completed,1.4,3,,,1.45,3.1,1.41,2.85,1.44,3.2
9,Rotterdam,ABN AMRO World Tennis Tournament,2/14/2026,ATP500,Indoor,Hard,Semifinals,3,Auger-Aliassime F.,Bublik A.,6,10,3950,3235,6,1,6,2,,,,,,,2,0,Completed,1.44,2.75,,,1.5,2.85,1.45,2.7,1.52,2.88
9,Rotterdam,ABN AMRO World Tennis Tournament,2/15/2026,ATP500,Indoor,Hard,The Final,3,De Minaur A.,Auger-Aliassime F.,8,6,3835,3950,6,3,6,2,,,,,,,2,0,Completed,2.5,1.53,,,2.5,1.6,2.43,1.56,2.56,1.64
