WTA,Location,Tournament,Date,Tier,Court,Surface,Round,Best of,Winner,Loser,WRank,LRank,WPts,LPts,W1,L1,W2,L2,W3,L3,Wsets,Lsets,Comment,B365W,B365L,PSW,PSL,MaxW,MaxL,AvgW,AvgL,BFEW,BFEL
1,Auckland,ASB Classic,1/4/2026,WTA250,Outdoor,Hard,1st Round,3,Bejlek S.,Udvardy P.,93,87,792,819,7,5,6,1,,,2,0,Completed,1.57,2.38,1.5,2.75,1.57,2.75,1.5,2.57,1.55,2.78
1,Auckland,ASB Classic,1/4/2026,WTA250,Outdoor,Hard,1st Round,3,Jovic I.,Knutson G.,35,182,1423,386,4,6,6,1,6,0,2,1,Completed,1.17,5,1.21,5.02,1.19,5.25,1.17,4.83,1.22,5.3
1,Auckland,ASB Classic,1/5/2026,WTA250,Outdoor,Hard,1st Round,3,Costoulas S.,Osuigwe W.,159,152,440,455,6,4,3,6,6,1,2,1,Completed,1.5,2.63,1.5,2.77,1.5,3.1,1.44,2.72,1.5,2.86
1,Auckland,ASB Classic,1/5/2026,WTA250,Outdoor,Hard,1st Round,3,Wang Xin.,McNally C.,57,83,1056,836,2,6,6,3,7,5,2,1,Completed,2,1.8,1.96,1.93,2.04,1.95,1.93,1.84,2.02,1.92
1,Auckland,ASB Classic,1/5/2026,WTA250,Outdoor,Hard,1st Round,3,Quevedo K.,Stearns P.,141,64,509,982,6,2,7,5,,,2,0,Completed,3,1.4,2.97,1.44,3,1.44,2.84,1.41,3,1.46
1,Auckland,ASB Classic,1/5/2026,WTA250,Outdoor,Hard,1st Round,3,Kraus S.,Grabher J.,108,92,709,799,6,3,6,3,,,2,0,Completed,1.57,2.38,1.58,2.51,1.58,2.5,1.56,2.4,1.59,2.66
1,Auckland,ASB Classic,1/5/2026,WTA250,Outdoor,Hard,1st Round,3,Jones F.,Navarro E.,72,15,912,2515,7,5,2,6,6,4,2,1,Completed,4.33,1.22,4.31,1.25,4.33,1.25,3.98,1.24,4.7,1.26
1,Auckland,ASB Classic,1/5/2026,WTA250,Outdoor,Hard,1st Round,3,Zarazua R.,Stephens S.,77,1098,844,14,7,5,4,6,6,2,2,1,Completed,1.25,4,1.25,4.43,1.26,4.25,1.23,3.98,1.25,4.8
1,Auckland,ASB Classic,1/5/2026,WTA250,Outdoor,Hard,1st Round,3,Marcinko P.,Osorio M.,82,76,837,860,6,4,0,6,7,6,2,1,Completed,1.8,2,1.79,2.12,1.81,2.01,1.78,1.99,1.79,2.22
1,Auckland,ASB Classic,1/5/2026,WTA250,Outdoor,Hard,1st Round,3,Boulter K.,Starodubtseva Y.,112,111,684,685,6,3,6,3,,,2,0,Completed,1.8,2,1.83,2.06,1.8,2.1,1.77,2.02,1.84,2.16
1,Auckland,ASB Classic,1/6/2026,WTA250,Outdoor,Hard,1st Round,3,Seidel E.,Barry M.,84,726,833,52,6,2,6,1,,,2,0,Completed,1.02,19,1.02,32.06,1.03,19,1.02,16.06,1.02,30
1,Auckland,ASB Classic,1/6/2026,WTA250,Outdoor,Hard,1st Round,3,Kartal S.,Tjen J.,68,54,951,1075,6,1,6,7,6,3,2,1,Completed,2,1.8,2.22,1.73,2.2,1.85,2.09,1.72,2.2,1.78
1,Auckland,ASB Classic,1/6/2026,WTA250,Outdoor,Hard,1st Round,3,Linette M.,Williams V.,52,582,1089,80,6,4,4,6,6,2,2,1,Completed,1.22,4.33,1.23,4.68,1.25,4.5,1.22,4.21,1.22,5.3
1,Auckland,ASB Classic,1/6/2026,WTA250,Outdoor,Hard,1st Round,3,Cocciaretto E.,Parks A.,81,101,837,760,6,2,7,5,,,2,0,Completed,1.62,2.3,1.68,2.29,1.67,2.35,1.62,2.25,1.7,2.38
1,Auckland,ASB Classic,1/6/2026,WTA250,Outdoor,Hard,1st Round,3,Svitolina E.,Gracheva V.,13,75,2606,887,6,3,6,1,,,2,0,Completed,1.25,4,1.25,4.35,1.25,4.4,1.22,4.13,1.25,4.8
1,Auckland,ASB Classic,1/6/2026,WTA250,Outdoor,Hard,1st Round,3,Eala A.,Vekic D.,53,69,1076,935,4,6,6,4,6,4,2,1,Completed,1.62,2.3,1.65,2.38,1.65,2.32,1.61,2.27,1.67,2.46
1,Auckland,ASB Classic,1/6/2026,WTA250,Outdoor,Hard,2nd Round,3,Jovic I.,Bejlek S.,35,93,1423,792,7,6,6,4,,,2,0,Completed,1.4,3,1.44,2.95,1.48,3,1.43,2.77,1.47,3.05
1,Auckland,ASB Classic,1/7/2026,WTA250,Outdoor,Hard,2nd Round,3,Jones F.,Kraus S.,72,108,912,709,1,6,6,4,6,1,2,1,Completed,1.4,3,1.38,3.26,1.4,3.1,1.38,2.97,1.43,3.25
1,Auckland,ASB Classic,1/7/2026,WTA250,Outdoor,Hard,2nd Round,3,Wang Xin.,Zarazua R.,57,77,1056,844,7,5,6,4,,,2,0,Completed,1.4,3,1.42,3.08,1.42,3,1.4,2.89,1.42,3.3
1,Auckland,ASB Classic,1/7/2026,WTA250,Outdoor,Hard,2nd Round,3,Costoulas S.,Quevedo K.,159,141,440,509,6,2,6,0,,,2,0,Completed,2,1.8,2.06,1.83,2.3,1.83,2.04,1.76,2.08,1.9
1,Auckland,ASB Classic,1/8/2026,WTA250,Outdoor,Hard,2nd Round,3,Eala A.,Marcinko P.,53,82,1076,837,6,0,6,2,,,2,0,Completed,1.57,2.38,1.63,2.42,1.62,2.6,1.58,2.33,1.63,2.56
1,Auckland,ASB Classic,1/8/2026,WTA250,Outdoor,Hard,2nd Round,3,Linette M.,Cocciaretto E.,52,81,1089,837,7,5,2,6,6,3,2,1,Completed,2,1.8,2.12,1.79,2.1,1.8,2.02,1.77,2.18,1.81
1,Auckland,ASB Classic,1/8/2026,WTA250,Outdoor,Hard,2nd Round,3,Svitolina E.,Boulter K.,13,112,2606,684,7,5,6,4,,,2,0,Completed,1.22,4.33,1.26,4.21,1.24,4.75,1.22,4.16,1.26,4.7
1,Auckland,ASB Classic,1/8/2026,WTA250,Outdoor,Hard,2nd Round,3,Kartal S.,Seidel E.,68,84,951,833,6,3,6,1,,,2,0,Completed,1.3,3.5,1.33,3.61,1.33,3.5,1.3,3.41,1.34,3.85
1,Auckland,ASB Classic,1/8/2026,WTA250,Outdoor,Hard,Quarterfinals,3,Wang Xin.,Jones F.,57,72,1056,912,6,4,4,3,,,1,2,Retired,1.33,3.4,1.39,3.23,1.38,3.5,1.35,3.14,1.4,3.4
1,Auckland,ASB Classic,1/9/2026,WTA250,Outdoor,Hard,Quarterfinals,3,Eala A.,Linette M.,53,52,1076,1089,6,3,6,2,,,2,0,Completed,1.53,2.5,1.57,2.55,1.55,2.6,1.52,2.49,1.6,2.62
1,Auckland,ASB Classic,1/9/2026,WTA250,Outdoor,Hard,Quarterfinals,3,Jovic I.,Costoulas S.,35,159,1423,440,6,2,7,6,,,2,0,Completed,1.25,4,1.27,4.1,1.26,4.25,1.25,3.81,1.27,4.5
1,Auckland,ASB Classic,1/9/2026,WTA250,Outdoor,Hard,Quarterfinals,3,Svitolina E.,Kartal S.,13,68,2606,951,6,4,6,7,7,6,2,1,Completed,1.33,3.4,1.36,3.4,1.34,5.5,1.3,3.61,1.37,3.6
1,Auckland,ASB Classic,1/10/2026,WTA250,Outdoor,Hard,Semifinals,3,Wang Xin.,Eala A.,57,53,1056,1076,5,7,7,5,6,4,2,1,Completed,2.63,1.5,2.76,1.51,2.75,1.53,2.53,1.51,2.88,1.52
1,Auckland,ASB Classic,1/10/2026,WTA250,Outdoor,Hard,Semifinals,3,Svitolina E.,Jovic I.,13,35,2606,1423,7,6,6,2,,,2,0,Completed,1.33,3.4,1.38,3.31,1.35,3.4,1.33,3.24,1.37,3.6
1,Auckland,ASB Classic,1/11/2026,WTA250,Outdoor,Hard,The Final,3,Svitolina E.,Wang Xin.,13,57,2606,1056,6,3,7,6,,,2,0,Completed,1.22,4.33,1.2,5.18,1.22,4.75,1.19,4.5,1.22,5.3
2,Brisbane,Brisbane International,1/4/2026,WTA500,Outdoor,Hard,1st Round,3,Tomljanovic A.,Jacquemot E.,78,56,844,1070,6,1,6,3,,,2,0,Completed,1.62,2.3,1.66,2.31,1.65,2.3,1.62,2.24,1.74,2.3
2,Brisbane,Brisbane International,1/4/2026,WTA500,Outdoor,Hard,1st Round,3,Kessler M.,Arango E.,31,48,1553,1149,6,1,6,3,,,2,0,Completed,1.25,4,1.26,4.17,1.28,4.25,1.25,3.88,1.3,4.2
2,Brisbane,Brisbane International,1/4/2026,WTA500,Outdoor,Hard,1st Round,3,Potapova A.,Kasatkina D.,55,40,1072,1275,7,5,4,6,6,4,2,1,Completed,2,1.8,1.94,1.94,2,1.97,1.93,1.85,1.96,2
2,Brisbane,Brisbane International,1/4/2026,WTA500,Outdoor,Hard,1st Round,3,Cirstea S.,Pavlyuchenkova A.,41,44,1243,1184,6,3,6,1,,,2,0,Completed,1.5,2.63,1.49,2.78,1.5,2.75,1.49,2.58,1.54,2.74
2,Brisbane,Brisbane International,1/4/2026,WTA500,Outdoor,Hard,1st Round,3,Kenin S.,Ruse E.G.,28,85,1589,825,6,4,4,6,6,3,2,1,Completed,2,1.8,2.03,1.86,2.1,1.85,1.99,1.79,2.04,1.93
2,Brisbane,Brisbane International,1/4/2026,WTA500,Outdoor,Hard,1st Round,3,Bouzkova M.,Cristian J.,46,38,1182,1324,6,4,6,3,,,2,0,Completed,1.5,2.63,1.44,2.99,1.5,2.9,1.43,2.77,1.44,3.2
2,Brisbane,Brisbane International,1/5/2026,WTA500,Outdoor,Hard,1st Round,3,Birrell K.,Sramkova R.,106,71,721,914,6,4,3,6,6,3,2,1,Completed,2.1,1.73,2.24,1.71,2.25,1.75,2.18,1.66,2.2,1.77
2,Brisbane,Brisbane International,1/5/2026,WTA500,Outdoor,Hard,1st Round,3,Zhang S.,Krueger A.,79,49,843,1134,6,4,5,7,6,4,2,1,Completed,1.67,2.2,1.77,2.16,1.73,2.23,1.69,2.14,1.81,2.16
2,Brisbane,Brisbane International,1/5/2026,WTA500,Outdoor,Hard,1st Round,3,Gadecki O.,Li A.,204,37,350,1334,6,4,6,4,,,2,0,Completed,2.38,1.57,2.45,1.61,2.42,1.65,2.32,1.59,2.52,1.62
2,Brisbane,Brisbane International,1/5/2026,WTA500,Outdoor,Hard,1st Round,3,Bucsa C.,Bondar A.,50,73,1127,900,4,6,7,6,6,2,2,1,Completed,1.53,2.5,1.56,2.58,1.67,2.65,1.52,2.5,1.57,2.56
2,Brisbane,Brisbane International,1/5/2026,WTA500,Outdoor,Hard,1st Round,3,Putintseva Y.,Baptiste H.,74,65,891,979,6,2,6,4,,,2,0,Completed,,,,,,,,,,
2,Brisbane,Brisbane International,1/5/2026,WTA500,Outdoor,Hard,1st Round,3,Sasnovich A.,Blinkova A.,113,61,672,1016,7,5,6,1,,,2,0,Completed,1.62,2.3,1.64,2.39,1.63,2.5,1.57,2.37,1.64,2.52
2,Brisbane,Brisbane International,1/5/2026,WTA500,Outdoor,Hard,1st Round,3,Kalinskaya A.,Valentova T.,33,60,1461,1035,6,4,6,4,,,2,0,Completed,2.3,1.62,2.58,1.56,2.4,1.9,2.26,1.62,2.6,1.61
2,Brisbane,Brisbane International,1/5/2026,WTA500,Outdoor,Hard,1st Round,3,Yastremska D.,Gibson T.,27,118,1604,634,7,6,7,6,,,2,0,Completed,1.5,2.63,1.56,2.58,1.53,3,1.5,2.56,1.62,2.6
2,Brisbane,Brisbane International,1/5/2026,WTA500,Outdoor,Hard,1st Round,3,Frech M.,Vondrousova M.,59,34,1051,1445,7,5,6,7,7,6,2,1,Completed,4.33,1.22,4.46,1.24,4.33,1.23,4.14,1.22,4.5,1.28
2,Brisbane,Brisbane International,1/5/2026,WTA500,Outdoor,Hard,1st Round,3,Jones E.,Maria T.,147,43,491,1229,6,3,6,3,,,2,0,Completed,1.33,3.4,1.38,3.3,1.38,4.33,1.33,3.29,1.37,3.55
2,Brisbane,Brisbane International,1/6/2026,WTA500,Outdoor,Hard,2nd Round,3,Keys M.,Kessler M.,7,31,4335,1553,6,4,6,3,,,2,0,Completed,1.67,2.2,1.67,2.33,1.67,2.35,1.64,2.23,1.72,2.36
2,Brisbane,Brisbane International,1/6/2026,WTA500,Outdoor,Hard,2nd Round,3,Shnaider D.,Potapova A.,21,55,1866,1072,6,1,6,3,,,2,0,Completed,1.62,2.3,1.75,2.18,1.73,2.5,1.65,2.22,1.73,2.3
2,Brisbane,Brisbane International,1/6/2026,WTA500,Outdoor,Hard,2nd Round,3,Sabalenka A.,Bucsa C.,1,50,10490,1127,6,0,6,1,,,2,0,Completed,1.06,10,1.06,12.44,1.06,12.5,1.04,10.47,1.06,15.5
2,Brisbane,Brisbane International,1/6/2026,WTA500,Outdoor,Hard,2nd Round,3,Alexandrova E.,Kenin S.,10,28,3375,1589,7,6,6,3,,,2,0,Completed,1.3,3.5,1.36,3.38,1.33,3.5,1.33,3.31,1.38,3.5
2,Brisbane,Brisbane International,1/6/2026,WTA500,Outdoor,Hard,2nd Round,3,Cirstea S.,Ostapenko J.,41,23,1243,1800,6,2,7,6,,,2,0,Completed,1.4,3,1.41,3.11,1.44,3.25,1.39,2.95,1.41,3.3
2,Brisbane,Brisbane International,1/6/2026,WTA500,Outdoor,Hard,2nd Round,3,Muchova K.,Tomljanovic A.,20,78,1888,844,4,6,6,1,7,6,2,1,Completed,1.33,3.4,1.37,3.36,1.36,3.5,1.34,3.22,1.38,3.55
2,Brisbane,Brisbane International,1/6/2026,WTA500,Outdoor,Hard,2nd Round,3,Rybakina E.,Zhang S.,5,79,5850,843,6,3,7,5,,,2,0,Completed,1.1,7,1.11,8.14,1.11,7,1.1,6.78,1.11,9.4
2,Brisbane,Brisbane International,1/6/2026,WTA500,Outdoor,Hard,2nd Round,3,Badosa P.,Bouzkova M.,25,46,1675,1182,6,7,6,4,6,2,2,1,Completed,1.8,2,1.81,2.09,1.9,2.05,1.8,1.97,1.87,2.12
2,Brisbane,Brisbane International,1/7/2026,WTA500,Outdoor,Hard,2nd Round,3,Yastremska D.,Fernandez L.A.,27,22,1604,1821,6,1,6,2,,,2,0,Completed,2.63,1.5,2.7,1.52,2.65,1.52,2.56,1.5,2.78,1.55
2,Brisbane,Brisbane International,1/7/2026,WTA500,Outdoor,Hard,2nd Round,3,Pegula J.,Kalinskaya A.,6,33,5583,1461,6,2,2,6,6,4,2,1,Completed,1.53,2.5,1.54,2.63,1.6,2.6,1.51,2.51,1.57,2.72
2,Brisbane,Brisbane International,1/7/2026,WTA500,Outdoor,Hard,2nd Round,3,Sasnovich A.,Tauson C.,113,14,672,2530,6,2,6,3,,,2,0,Completed,2.5,1.53,2.61,1.55,2.55,1.84,2.41,1.56,2.72,1.57
2,Brisbane,Brisbane International,1/7/2026,WTA500,Outdoor,Hard,2nd Round,3,Samsonova L.,Jones E.,17,147,2209,491,6,4,6,1,,,2,0,Completed,1.44,2.75,1.47,2.86,1.63,2.75,1.48,2.62,1.47,3.05
2,Brisbane,Brisbane International,1/7/2026,WTA500,Outdoor,Hard,2nd Round,3,Noskova L.,Frech M.,12,59,2641,1051,6,7,6,4,6,4,2,1,Completed,1.29,3.75,1.3,3.83,1.3,3.8,1.27,3.71,1.29,4.3
2,Brisbane,Brisbane International,1/7/2026,WTA500,Outdoor,Hard,2nd Round,3,Andreeva M.,Gadecki O.,9,204,4125,350,4,6,6,1,6,2,2,1,Completed,1.17,5,1.21,4.95,1.2,5.5,1.18,4.73,1.21,5.5
2,Brisbane,Brisbane International,1/7/2026,WTA500,Outdoor,Hard,2nd Round,3,Kostyuk M.,Putintseva Y.,26,74,1659,891,6,7,6,1,6,0,2,1,Completed,1.44,2.75,1.43,3.05,1.45,2.88,1.42,2.77,1.42,3.3
2,Brisbane,Brisbane International,1/7/2026,WTA500,Outdoor,Hard,2nd Round,3,Anisimova A.,Birrell K.,3,106,6287,721,6,1,6,3,,,2,0,Completed,1.17,5,1.19,5.41,1.19,5.25,1.16,4.99,1.2,5.8
2,Brisbane,Brisbane International,1/8/2026,WTA500,Outdoor,Hard,3rd Round,3,Sabalenka A.,Cirstea S.,1,41,10490,1243,6,3,6,3,,,2,0,Completed,1.07,9,1.17,5.05,1.13,9,1.1,7.09,1.15,7.2
2,Brisbane,Brisbane International,1/8/2026,WTA500,Outdoor,Hard,3rd Round,3,Rybakina E.,Badosa P.,5,25,5850,1675,6,3,6,2,,,2,0,Completed,1.17,5,1.22,4.61,1.23,5.2,1.2,4.45,1.21,5.5
2,Brisbane,Brisbane International,1/8/2026,WTA500,Outdoor,Hard,3rd Round,3,Muchova K.,Alexandrova E.,20,10,1888,3375,6,4,7,5,,,2,0,Completed,2.3,1.62,2.43,1.62,2.38,1.68,2.25,1.63,2.4,1.69
2,Brisbane,Brisbane International,1/8/2026,WTA500,Outdoor,Hard,3rd Round,3,Keys M.,Shnaider D.,7,21,4335,1866,6,7,7,6,7,6,2,1,Completed,1.57,2.38,1.56,2.58,1.65,2.45,1.58,2.33,1.61,2.62
2,Brisbane,Brisbane International,1/8/2026,WTA500,Outdoor,Hard,3rd Round,3,Samsonova L.,Sasnovich A.,17,113,2209,672,6,4,6,4,,,2,0,Completed,1.57,2.38,1.63,2.41,1.63,2.38,1.58,2.33,1.67,2.48
2,Brisbane,Brisbane International,1/8/2026,WTA500,Outdoor,Hard,3rd Round,3,Pegula J.,Yastremska D.,6,27,5583,1604,5,7,6,2,6,3,2,1,Completed,1.36,3.2,1.39,3.25,1.44,3.25,1.36,3.06,1.43,3.25
2,Brisbane,Brisbane International,1/8/2026,WTA500,Outdoor,Hard,3rd Round,3,Kostyuk M.,Anisimova A.,26,3,1659,6287,6,4,6,3,,,2,0,Completed,3.2,1.36,3.27,1.38,3.25,1.44,3,1.38,3.35,1.41
2,Brisbane,Brisbane International,1/8/2026,WTA500,Outdoor,Hard,3rd Round,3,Andreeva M.,Noskova L.,9,12,4125,2641,5,7,6,4,7,5,2,1,Completed,1.44,2.75,1.49,2.8,1.44,2.95,1.42,2.79,1.53,2.86
2,Brisbane,Brisbane International,1/9/2026,WTA500,Outdoor,Hard,Quarterfinals,3,Muchova K.,Rybakina E.,20,5,1888,5850,6,2,2,6,6,4,2,1,Completed,4.33,1.22,4.29,1.26,4.33,1.25,4.09,1.23,4.8,1.25
2,Brisbane,Brisbane International,1/9/2026,WTA500,Outdoor,Hard,Quarterfinals,3,Sabalenka A.,Keys M.,1,7,10490,4335,6,3,6,3,,,2,0,Completed,1.17,5,,,1.21,6,1.17,4.86,1.19,6
2,Brisbane,Brisbane International,1/9/2026,WTA500,Outdoor,Hard,Quarterfinals,3,Pegula J.,Samsonova L.,6,17,5583,2209,6,3,7,6,,,2,0,Completed,1.36,3.2,,,1.44,3.25,1.36,3.07,1.47,3.05
2,Brisbane,Brisbane International,1/9/2026,WTA500,Outdoor,Hard,Quarterfinals,3,Kostyuk M.,Andreeva M.,26,9,1659,4125,7,6,6,3,,,2,0,Completed,2.1,1.73,,,2.1,1.83,2.01,1.78,2.08,1.9
2,Brisbane,Brisbane International,1/10/2026,WTA500,Outdoor,Hard,Semifinals,3,Sabalenka A.,Muchova K.,1,20,10490,1888,6,3,6,4,,,2,0,Completed,1.2,4.5,1.26,4.33,1.23,4.6,1.21,4.32,1.28,4.4
2,Brisbane,Brisbane International,1/10/2026,WTA500,Outdoor,Hard,Semifinals,3,Kostyuk M.,Pegula J.,26,6,1659,5583,6,0,6,3,,,2,0,Completed,2.2,1.67,,,2.25,1.7,2.2,1.66,2.34,1.72
2,Brisbane,Brisbane International,1/11/2026,WTA500,Outdoor,Hard,The Final,3,Sabalenka A.,Kostyuk M.,1,26,10490,1659,6,4,6,3,,,2,0,Completed,1.29,3.75,1.29,4.06,1.3,4,1.27,3.71,1.3,4.2
3,Adelaide,Adelaide International,1/12/2026,WTA500,Outdoor,Hard,1st Round,3,Navarro E.,Jones E.,15,155,2467,463,6,3,6,3,,,2,0,Completed,1.3,3.5,1.38,3.3,1.34,3.6,1.32,3.33,1.38,3.45
3,Adelaide,Adelaide International,1/12/2026,WTA500,Outdoor,Hard,1st Round,3,Mboko V.,Haddad Maia B.,17,59,2157,1052,5,7,6,3,6,2,2,1,Completed,1.29,3.75,1.27,4.17,1.3,4,1.26,3.77,1.27,4.5
3,Adelaide,Adelaide International,1/12/2026,WTA500,Outdoor,Hard,1st Round,3,Tomljanovic A.,Tauson C.,76,14,851,2530,7,6,,,,,1,0,Retired,2.2,1.67,2.21,1.74,2.54,1.67,2.26,1.62,2.22,1.76
3,Adelaide,Adelaide International,1/12/2026,WTA500,Outdoor,Hard,1st Round,3,Kalinskaya A.,Ruse E.G.,33,79,1483,849,6,0,6,3,,,2,0,Completed,1.57,2.38,1.58,2.53,1.58,2.55,1.54,2.44,1.62,2.56
3,Adelaide,Adelaide International,1/12/2026,WTA500,Outdoor,Hard,1st Round,3,Bouzkova M.,Badosa P.,45,26,1184,1675,3,6,6,3,6,4,2,1,Completed,2.2,1.67,2.19,1.75,2.23,1.76,2.14,1.68,2.28,1.76
3,Adelaide,Adelaide International,1/12/2026,WTA500,Outdoor,Hard,1st Round,3,Cristian J.,Alexandrova E.,37,11,1324,3375,6,4,6,4,,,2,0,Completed,4,1.25,4.43,1.24,4.1,1.25,3.97,1.24,4.7,1.25
3,Adelaide,Adelaide International,1/12/2026,WTA500,Outdoor,Hard,1st Round,3,Kasatkina D.,Sakkari M.,48,52,1168,1133,7,6,6,4,,,2,0,Completed,2.5,1.53,,,2.5,1.57,2.43,1.53,2.56,1.62
3,Adelaide,Adelaide International,1/13/2026,WTA500,Outdoor,Hard,1st Round,3,Shnaider D.,Fernandez L.A.,23,22,1818,1821,7,5,6,3,,,2,0,Completed,1.73,2.1,1.72,2.23,1.8,2.12,1.74,2.06,1.87,2.12
3,Adelaide,Adelaide International,1/13/2026,WTA500,Outdoor,Hard,1st Round,3,Birrell K.,Potapova A.,107,54,726,1103,6,4,6,4,,,2,0,Completed,2.2,1.67,2.38,1.65,2.2,1.9,2.09,1.72,2.2,1.8
3,Adelaide,Adelaide International,1/13/2026,WTA500,Outdoor,Hard,1st Round,3,Vondrousova M.,Samsonova L.,34,18,1386,2122,6,1,4,6,6,2,2,1,Completed,1.73,2.1,1.8,2.11,1.76,2.2,1.72,2.09,1.8,2.2
3,Adelaide,Adelaide International,1/13/2026,WTA500,Outdoor,Hard,1st Round,3,Joint M.,Kenin S.,32,28,1490,1567,7,6,6,4,,,2,0,Completed,1.8,2,1.79,2.12,1.83,2.05,1.78,2,1.83,2.14
3,Adelaide,Adelaide International,1/13/2026,WTA500,Outdoor,Hard,1st Round,3,Valentova T.,Ostapenko J.,60,24,1036,1741,7,5,3,2,,,1,0,Retired,1.36,3.2,1.35,3.5,1.36,3.5,1.33,3.23,1.4,3.35
3,Adelaide,Adelaide International,1/13/2026,WTA500,Outdoor,Hard,1st Round,3,Putintseva Y.,Galfi D.,105,93,741,789,6,4,6,4,,,2,0,Completed,1.44,2.75,1.49,2.79,1.47,3,1.41,2.81,1.44,3.2
3,Adelaide,Adelaide International,1/13/2026,WTA500,Outdoor,Hard,1st Round,3,Siniakova K.,Yastremska D.,46,27,1172,1610,6,0,6,1,,,2,0,Completed,2.2,1.67,,,2.25,1.67,2.2,1.65,,
3,Adelaide,Adelaide International,1/13/2026,WTA500,Outdoor,Hard,2nd Round,3,Mboko V.,Kalinskaya A.,17,33,2157,1483,6,2,3,6,7,6,2,1,Completed,1.8,2,,,1.85,2.4,1.77,2.02,1.88,2.1
3,Adelaide,Adelaide International,1/13/2026,WTA500,Outdoor,Hard,2nd Round,3,Andreeva M.,Bouzkova M.,8,45,4232,1184,6,3,6,1,,,2,0,Completed,1.4,3,,,1.4,3.05,1.38,2.95,1.46,3.1
3,Adelaide,Adelaide International,1/14/2026,WTA500,Outdoor,Hard,2nd Round,3,Birrell K.,Vondrousova M.,107,34,726,1386,,,,,,,,,Walkover,4.33,1.22,,,4.4,1.22,4.22,1.21,4.7,1.25
3,Adelaide,Adelaide International,1/14/2026,WTA500,Outdoor,Hard,2nd Round,3,Cristian J.,Kasatkina D.,37,48,1324,1168,6,4,6,0,,,2,0,Completed,2,1.8,,,2.17,1.8,2.09,1.71,2.3,1.75
3,Adelaide,Adelaide International,1/14/2026,WTA500,Outdoor,Hard,2nd Round,3,Keys M.,Valentova T.,9,60,4003,1036,6,4,6,1,,,2,0,Completed,1.67,2.2,,,1.67,2.3,1.64,2.21,1.67,2.44
3,Adelaide,Adelaide International,1/14/2026,WTA500,Outdoor,Hard,2nd Round,3,Shnaider D.,Siniakova K.,23,46,1818,1172,6,1,2,6,7,5,2,1,Completed,1.57,2.38,,,1.61,2.5,1.58,2.34,1.64,2.5
3,Adelaide,Adelaide International,1/14/2026,WTA500,Outdoor,Hard,2nd Round,3,Navarro E.,Putintseva Y.,15,105,2467,741,6,1,6,4,,,2,0,Completed,1.57,2.38,,,1.6,3,1.55,2.41,1.66,2.48
3,Adelaide,Adelaide International,1/14/2026,WTA500,Outdoor,Hard,2nd Round,3,Joint M.,Tomljanovic A.,32,76,1490,851,0,2,,,,,0,0,Retired,1.8,2,,,1.87,2.07,1.83,1.94,1.94,2.04
3,Adelaide,Adelaide International,1/15/2026,WTA500,Outdoor,Hard,Quarterfinals,3,Birrell K.,Cristian J.,107,37,726,1324,5,7,6,1,7,5,2,1,Completed,2.5,1.53,,,2.6,1.57,2.45,1.54,2.58,1.6
3,Adelaide,Adelaide International,1/15/2026,WTA500,Outdoor,Hard,Quarterfinals,3,Mboko V.,Keys M.,17,9,2157,4003,6,4,4,6,6,2,2,1,Completed,2.38,1.57,,,2.43,1.65,2.35,1.57,2.58,1.62
3,Adelaide,Adelaide International,1/15/2026,WTA500,Outdoor,Hard,Quarterfinals,3,Shnaider D.,Navarro E.,23,15,1818,2467,6,3,6,3,,,2,0,Completed,1.8,2,,,1.8,2.1,1.75,2.03,1.86,2.14
3,Adelaide,Adelaide International,1/15/2026,WTA500,Outdoor,Hard,Quarterfinals,3,Andreeva M.,Joint M.,8,32,4232,1490,6,2,6,0,,,2,0,Completed,1.17,5,,,1.19,6,1.17,4.89,1.2,5.7
3,Adelaide,Adelaide International,1/16/2026,WTA500,Outdoor,Hard,Semifinals,3,Mboko V.,Birrell K.,17,107,2157,726,6,2,6,1,,,2,0,Completed,1.17,5,,,1.22,5,1.19,4.54,1.24,5
3,Adelaide,Adelaide International,1/16/2026,WTA500,Outdoor,Hard,Semifinals,3,Andreeva M.,Shnaider D.,8,23,4232,1818,6,3,6,2,,,2,0,Completed,1.44,2.75,,,1.46,2.8,1.44,2.74,1.52,2.92
3,Adelaide,Adelaide International,1/17/2026,WTA500,Outdoor,Hard,The Final,3,Andreeva M.,Mboko V.,8,17,4232,2157,6,3,6,1,,,2,0,Completed,1.5,2.63,,,1.55,2.63,1.52,2.5,1.6,2.6
4,Hobart,Hobart International,1/12/2026,WTA250,Outdoor,Hard,1st Round,3,Zarazua R.,Baptiste H.,84,66,832,979,6,7,6,3,6,3,2,1,Completed,1.8,2,1.85,2.05,1.81,2.1,1.78,2,1.92,2.06
4,Hobart,Hobart International,1/12/2026,WTA250,Outdoor,Hard,1st Round,3,Preston T.,Bouzas Maneiro J.,204,40,354,1262,6,4,7,6,,,2,0,Completed,4.33,1.22,3.98,1.29,4.33,1.29,3.82,1.25,4.1,1.3
4,Hobart,Hobart International,1/12/2026,WTA250,Outdoor,Hard,1st Round,3,Li A.,Volynets K.,38,94,1316,783,4,6,7,5,6,2,2,1,Completed,2,1.8,2.05,1.85,2,1.84,1.96,1.81,2.1,1.87
4,Hobart,Hobart International,1/12/2026,WTA250,Outdoor,Hard,1st Round,3,Cocciaretto E.,Shimizu A.,80,425,849,137,6,3,6,4,,,2,0,Completed,1.11,6.5,1.12,7.37,1.11,7.5,1.09,6.88,1.12,8.4
4,Hobart,Hobart International,1/12/2026,WTA250,Outdoor,Hard,1st Round,3,Sierra S.,McNally C.,64,83,1001,836,1,6,6,4,6,1,2,1,Completed,3,1.4,3.11,1.41,3.5,1.4,3.02,1.38,3.25,1.42
4,Hobart,Hobart International,1/12/2026,WTA250,Outdoor,Hard,1st Round,3,Danilovic O.,Kessler M.,68,36,957,1335,4,6,6,4,6,4,2,1,Completed,3.4,1.33,3.42,1.36,3.4,1.42,3.19,1.35,3.55,1.37
4,Hobart,Hobart International,1/12/2026,WTA250,Outdoor,Hard,1st Round,3,Ruzic A.,Arango E.,71,50,925,1149,7,5,6,1,,,2,0,Completed,1.44,2.75,1.5,2.76,1.5,2.88,1.46,2.69,1.54,2.8
4,Hobart,Hobart International,1/13/2026,WTA250,Outdoor,Hard,1st Round,3,Bondar A.,Seidel E.,75,78,877,850,6,0,6,1,,,2,0,Completed,1.8,2,1.84,2.04,1.85,2,1.81,1.96,1.92,2.04
4,Hobart,Hobart International,1/13/2026,WTA250,Outdoor,Hard,1st Round,3,Sramkova R.,Gracheva V.,72,74,914,887,6,4,4,6,6,2,2,1,Completed,1.73,2.1,1.76,2.16,1.75,2.12,1.72,2.09,1.79,2.18
4,Hobart,Hobart International,1/13/2026,WTA250,Outdoor,Hard,1st Round,3,Stearns P.,Krejcikova B.,67,55,958,1080,6,4,1,6,7,6,2,1,Completed,3.2,1.36,3.15,1.4,3.4,1.44,3.05,1.37,3.35,1.4
4,Hobart,Hobart International,1/13/2026,WTA250,Outdoor,Hard,1st Round,3,Jovic I.,Tjen J.,30,56,1520,1075,6,0,6,1,,,2,0,Completed,1.57,2.38,1.63,2.41,1.65,2.43,1.57,2.35,1.66,2.44
4,Hobart,Hobart International,1/13/2026,WTA250,Outdoor,Hard,1st Round,3,Frech M.,Jacquemot E.,57,58,1073,1070,6,4,6,0,,,2,0,Completed,1.5,2.63,1.51,2.72,1.57,2.63,1.49,2.58,1.56,2.72
4,Hobart,Hobart International,1/13/2026,WTA250,Outdoor,Hard,1st Round,3,Maria T.,Williams V.,42,576,1229,81,6,4,6,3,,,2,0,Completed,1.53,2.5,1.61,2.46,1.53,2.75,1.5,2.56,1.6,2.6
4,Hobart,Hobart International,1/13/2026,WTA250,Outdoor,Hard,1st Round,3,Wang Xin.,Gibson T.,43,119,1194,634,6,2,6,3,,,2,0,Completed,1.57,2.38,1.58,2.51,1.6,2.43,1.57,2.33,1.68,2.42
4,Hobart,Hobart International,1/14/2026,WTA250,Outdoor,Hard,1st Round,3,Linette M.,Selekhmeteva O.,53,98,1113,766,6,3,1,6,6,1,2,1,Completed,1.91,1.91,1.89,2,2,2.1,1.9,1.87,2.04,1.92
4,Hobart,Hobart International,1/14/2026,WTA250,Outdoor,Hard,1st Round,3,Raducanu E.,Osorio M.,29,82,1563,840,6,3,7,6,,,2,0,Completed,1.3,3.5,1.35,3.44,1.33,3.5,1.3,3.41,1.31,4.1
4,Hobart,Hobart International,1/14/2026,WTA250,Outdoor,Hard,2nd Round,3,Cocciaretto E.,Li A.,80,38,849,1316,1,6,7,5,7,5,2,1,Completed,2.2,1.67,,,2.25,1.68,2.19,1.66,2.36,1.71
4,Hobart,Hobart International,1/14/2026,WTA250,Outdoor,Hard,2nd Round,3,Preston T.,Sramkova R.,204,72,354,914,6,4,6,1,,,2,0,Completed,2.75,1.44,,,2.9,1.5,2.81,1.42,3,1.47
4,Hobart,Hobart International,1/14/2026,WTA250,Outdoor,Hard,2nd Round,3,Jovic I.,Zarazua R.,30,84,1520,832,6,1,6,2,,,2,0,Completed,1.3,3.5,,,1.34,3.55,1.31,3.35,1.36,3.6
4,Hobart,Hobart International,1/14/2026,WTA250,Outdoor,Hard,2nd Round,3,Bondar A.,Maria T.,75,42,877,1229,7,6,7,5,,,2,0,Completed,1.36,3.2,,,1.4,3.5,1.35,3.16,1.32,4
4,Hobart,Hobart International,1/14/2026,WTA250,Outdoor,Hard,2nd Round,3,Ruzic A.,Sierra S.,71,64,925,1001,7,5,6,4,,,2,0,Completed,1.44,2.75,,,1.53,2.75,1.49,2.58,1.53,2.84
4,Hobart,Hobart International,1/14/2026,WTA250,Outdoor,Hard,2nd Round,3,Linette M.,Wang Xin.,53,43,1113,1194,6,1,7,5,,,2,0,Completed,2.2,1.67,,,2.35,1.67,2.25,1.62,,
4,Hobart,Hobart International,1/14/2026,WTA250,Outdoor,Hard,2nd Round,3,Danilovic O.,Stearns P.,68,67,957,958,7,6,6,1,,,2,0,Completed,1.67,2.2,,,1.8,2.2,1.69,2.14,1.76,2.26
4,Hobart,Hobart International,1/14/2026,WTA250,Outdoor,Hard,2nd Round,3,Raducanu E.,Frech M.,29,57,1563,1073,,,,,,,,,Walkover,1.3,3.5,,,1.34,3.5,1.32,3.3,1.37,1.02
4,Hobart,Hobart International,1/15/2026,WTA250,Outdoor,Hard,Quarterfinals,3,Cocciaretto E.,Bondar A.,80,75,849,877,6,2,6,2,,,2,0,Completed,2.2,1.67,,,2.2,1.8,2.11,1.71,2.04,1.96
4,Hobart,Hobart International,1/15/2026,WTA250,Outdoor,Hard,Quarterfinals,3,Preston T.,Raducanu E.,204,29,354,1563,6,2,6,4,,,2,0,Completed,3.5,1.3,,,4,1.3,3.63,1.28,4.5,1.26
4,Hobart,Hobart International,1/15/2026,WTA250,Outdoor,Hard,Quarterfinals,3,Ruzic A.,Danilovic O.,71,68,925,957,6,3,6,3,,,2,0,Completed,2.38,1.57,,,3.25,1.65,2.4,1.57,2.34,1.74
4,Hobart,Hobart International,1/15/2026,WTA250,Outdoor,Hard,Quarterfinals,3,Jovic I.,Linette M.,30,53,1520,1113,6,3,6,7,6,2,2,1,Completed,1.25,4,,,1.3,4.25,1.26,3.81,1.28,4.4
4,Hobart,Hobart International,1/16/2026,WTA250,Outdoor,Hard,Semifinals,3,Cocciaretto E.,Ruzic A.,80,71,849,925,6,3,6,2,,,2,0,Completed,1.91,1.91,,,1.94,2,1.89,1.89,1.96,2
4,Hobart,Hobart International,1/16/2026,WTA250,Outdoor,Hard,Semifinals,3,Jovic I.,Preston T.,30,204,1520,354,4,6,6,4,6,1,2,1,Completed,1.25,4,,,1.26,4.5,1.22,4.17,1.23,5.1
4,Hobart,Hobart International,1/17/2026,WTA250,Outdoor,Hard,The Final,3,Cocciaretto E.,Jovic I.,80,30,849,1520,6,4,6,4,,,2,0,Completed,3.5,1.3,,,3.75,1.33,3.41,1.31,3.9,1.33
5,Melbourne,Australian Open,1/18/2026,Grand Slam,Outdoor,Hard,1st Round,3,Putintseva Y.,Haddad Maia B.,94,61,799,1052,3,6,7,5,6,3,2,1,Completed,1.73,2.1,,,1.73,2.15,1.72,2.1,1.79,2.24
5,Melbourne,Australian Open,1/18/2026,Grand Slam,Outdoor,Hard,1st Round,3,Ruse E.G.,Yastremska D.,79,28,872,1610,6,4,7,5,,,2,0,Completed,2.1,1.73,,,2.15,1.75,2.09,1.72,2.3,1.75
5,Melbourne,Australian Open,1/18/2026,Grand Slam,Outdoor,Hard,1st Round,3,Gibson T.,Blinkova A.,119,64,634,1016,6,1,6,3,,,2,0,Completed,1.8,2,,,1.83,2.1,1.78,2.02,1.87,2.12
5,Melbourne,Australian Open,1/18/2026,Grand Slam,Outdoor,Hard,1st Round,3,Paolini J.,Sasnovich A.,8,104,4267,755,6,1,6,2,,,2,0,Completed,1.33,3.4,,,1.4,3.4,1.35,3.11,1.4,3.4
5,Melbourne,Australian Open,1/18/2026,Grand Slam,Outdoor,Hard,1st Round,3,Sakkari M.,Jeanjean L.,53,103,1133,760,6,4,6,2,,,2,0,Completed,1.17,5,,,1.24,5.25,1.21,4.34,1.24,5
5,Melbourne,Australian Open,1/18/2026,Grand Slam,Outdoor,Hard,1st Round,3,McNally C.,Sakatsume H.,85,140,836,514,6,3,6,1,,,2,0,Completed,1.4,3,,,1.55,3,1.45,2.67,1.51,2.94
5,Melbourne,Australian Open,1/18/2026,Grand Slam,Outdoor,Hard,1st Round,3,Jacquemot E.,Kostyuk M.,60,20,1070,1983,6,7,7,6,7,6,2,1,Completed,8,1.08,,,9,1.09,7.83,1.07,10,1.1
5,Melbourne,Australian Open,1/18/2026,Grand Slam,Outdoor,Hard,1st Round,3,Svitolina E.,Bucsa C.,12,52,2856,1134,6,4,6,1,,,2,0,Completed,1.17,5,,,1.21,5.25,1.18,4.63,1.2,5.8
5,Melbourne,Australian Open,1/18/2026,Grand Slam,Outdoor,Hard,1st Round,3,Baptiste H.,Townsend T.,70,116,979,652,6,3,6,7,6,3,2,1,Completed,2.38,1.57,,,3.25,1.58,2.76,1.45,3.25,1.37
5,Melbourne,Australian Open,1/18/2026,Grand Slam,Outdoor,Hard,1st Round,3,Sonmez Z.,Alexandrova E.,112,11,694,3375,7,5,4,6,6,4,2,1,Completed,4,1.25,,,4,1.33,3.67,1.28,4.7,1.26
5,Melbourne,Australian Open,1/18/2026,Grand Slam,Outdoor,Hard,1st Round,3,Kudermetova P.,Maristany G.,150,185,490,386,6,2,6,3,,,2,0,Completed,,,,,1.33,4.2,1.25,3.82,1.29,4.3
5,Melbourne,Australian Open,1/18/2026,Grand Slam,Outdoor,Hard,1st Round,3,Sabalenka A.,Rakotomanga Rajaonah T.,1,118,10990,640,6,4,6,1,,,2,0,Completed,-,34,,,1.01,51,1.01,27.5,1.01,120
5,Melbourne,Australian Open,1/18/2026,Grand Slam,Outdoor,Hard,1st Round,3,Potapova A.,Lamens S.,55,97,1106,780,3,6,7,5,6,2,2,1,Completed,1.4,3,,,1.43,3,1.41,2.83,1.42,3.3
5,Melbourne,Australian Open,1/18/2026,Grand Slam,Outdoor,Hard,1st Round,3,Bai Z.,Pavlyuchenkova A.,702,47,55,1185,6,4,2,6,7,6,2,1,Completed,2.3,1.62,,,2.5,1.67,2.3,1.6,2.46,1.67
5,Melbourne,Australian Open,1/18/2026,Grand Slam,Outdoor,Hard,1st Round,3,Danilovic O.,Williams V.,69,578,981,82,6,7,6,3,6,4,2,1,Completed,1.14,5.5,,,1.17,5.75,1.15,5.28,1.15,7.2
5,Melbourne,Australian Open,1/18/2026,Grand Slam,Outdoor,Hard,1st Round,3,Raducanu E.,Sawangkaew M.,29,197,1607,366,6,4,6,1,,,2,0,Completed,1.2,4.5,,,1.25,4.6,1.21,4.28,1.25,4.7
5,Melbourne,Australian Open,1/19/2026,Grand Slam,Outdoor,Hard,1st Round,3,Stearns P.,Kenin S.,68,30,987,1567,6,3,6,2,,,2,0,Completed,2.2,1.67,,,2.21,1.7,2.17,1.67,2.3,1.75
5,Melbourne,Australian Open,1/19/2026,Grand Slam,Outdoor,Hard,1st Round,3,Frech M.,Erjavec V.,57,102,1093,765,6,1,6,1,,,2,0,Completed,1.22,4.33,,,1.27,4.33,1.24,3.96,1.28,4.4
5,Melbourne,Australian Open,1/19/2026,Grand Slam,Outdoor,Hard,1st Round,3,Kessler M.,Arango E.,37,51,1335,1149,6,3,6,2,,,2,0,Completed,1.17,5,,,1.19,5.25,1.17,4.83,1.19,6
5,Melbourne,Australian Open,1/19/2026,Grand Slam,Outdoor,Hard,1st Round,3,Linette M.,Navarro E.,50,15,1157,2515,3,6,6,3,6,3,2,1,Completed,3.2,1.36,,,3.25,1.36,3.19,1.34,3.25,1.43
5,Melbourne,Australian Open,1/19/2026,Grand Slam,Outdoor,Hard,1st Round,3,Hunter S.,Bouzas Maneiro J.,367,40,169,1262,6,4,6,4,,,2,0,Completed,2.75,1.44,,,2.8,1.47,2.74,1.43,2.82,1.53
5,Melbourne,Australian Open,1/19/2026,Grand Slam,Outdoor,Hard,1st Round,3,Marcinko P.,Maria T.,81,42,854,1232,6,3,7,5,,,2,0,Completed,1.4,3,,,1.43,3.5,1.4,2.92,1.47,3.1
5,Melbourne,Australian Open,1/19/2026,Grand Slam,Outdoor,Hard,1st Round,3,Li A.,Osorio M.,38,84,1316,840,6,4,6,7,7,5,2,1,Completed,1.62,2.3,,,1.68,2.3,1.63,2.25,1.68,2.42
5,Melbourne,Australian Open,1/19/2026,Grand Slam,Outdoor,Hard,1st Round,3,Bondar A.,Mandlik E.,74,182,913,387,6,0,6,4,,,2,0,Completed,1.29,3.75,,,1.3,3.8,1.29,3.53,1.34,3.85
5,Melbourne,Australian Open,1/19/2026,Grand Slam,Outdoor,Hard,1st Round,3,Gauff C.,Rakhimova K.,3,93,6423,802,6,2,6,3,,,2,0,Completed,1.04,13,,,1.06,13,1.04,10.41,1.06,16.5
5,Melbourne,Australian Open,1/19/2026,Grand Slam,Outdoor,Hard,1st Round,3,Hon P.,Stakusic M.,121,127,620,565,1,6,6,4,5,3,1,1,Retired,2.38,1.57,,,2.75,1.62,2.38,1.56,2.38,1.7
5,Melbourne,Australian Open,1/19/2026,Grand Slam,Outdoor,Hard,1st Round,3,Klimovicova L.,Jones F.,134,71,538,951,6,2,3,2,,,1,0,Retired,1.62,2.3,,,1.73,2.3,1.65,2.21,1.68,2.44
5,Melbourne,Australian Open,1/19/2026,Grand Slam,Outdoor,Hard,1st Round,3,Pegula J.,Zakharova A.,6,105,5453,742,6,2,6,1,,,2,0,Completed,1.07,9,,,1.08,9.5,1.06,8.53,1.07,13.5
5,Melbourne,Australian Open,1/19/2026,Grand Slam,Outdoor,Hard,1st Round,3,Tauson C.,Galfi D.,14,91,2530,805,6,3,6,3,,,2,0,Completed,1.44,2.75,,,1.47,2.85,1.44,2.73,1.49,3
5,Melbourne,Australian Open,1/19/2026,Grand Slam,Outdoor,Hard,1st Round,3,Parks A.,Eala A.,99,49,770,1159,0,6,6,3,6,2,2,1,Completed,3.75,1.29,,,4.33,1.3,3.89,1.25,4.8,1.25
5,Melbourne,Australian Open,1/19/2026,Grand Slam,Outdoor,Hard,1st Round,3,Muchova K.,Cristian J.,19,35,2083,1427,6,3,7,6,,,2,0,Completed,1.17,5,,,1.22,5,1.19,4.56,1.22,5.3
5,Melbourne,Australian Open,1/19/2026,Grand Slam,Outdoor,Hard,1st Round,3,Anisimova A.,Waltert S.,4,87,6320,824,6,3,6,2,,,2,0,Completed,1.03,15,,,1.04,15,1.03,11.56,1.05,18
5,Melbourne,Australian Open,1/19/2026,Grand Slam,Outdoor,Hard,1st Round,3,Selekhmeteva O.,Seidel E.,101,82,769,850,6,3,3,6,6,0,2,1,Completed,1.73,2.1,,,1.76,2.12,1.72,2.08,1.81,2.18
5,Melbourne,Australian Open,1/19/2026,Grand Slam,Outdoor,Hard,1st Round,3,Jovic I.,Volynets K.,27,96,1671,783,6,2,6,3,,,2,0,Completed,1.33,3.4,,,1.36,3.8,1.34,3.21,1.41,3.4
5,Melbourne,Australian Open,1/19/2026,Grand Slam,Outdoor,Hard,1st Round,3,Mboko V.,Jones E.,16,153,2447,464,6,4,6,1,,,2,0,Completed,1.22,4.33,,,1.24,4.4,1.22,4.11,1.25,4.8
5,Melbourne,Australian Open,1/19/2026,Grand Slam,Outdoor,Hard,1st Round,3,Noskova L.,Semenistaja D.,13,98,2641,779,6,3,6,0,,,2,0,Completed,1.13,6,,,1.18,6.5,1.13,5.74,1.15,7.2
5,Melbourne,Australian Open,1/19/2026,Grand Slam,Outdoor,Hard,1st Round,3,Tomljanovic A.,Starodubtseva Y.,78,110,881,701,4,6,7,6,6,1,2,1,Completed,1.73,2.1,,,1.75,2.15,1.72,2.09,1.8,2.22
5,Melbourne,Australian Open,1/19/2026,Grand Slam,Outdoor,Hard,1st Round,3,Badosa P.,Diyas Z.,26,290,1676,232,6,2,6,4,,,2,0,Completed,1.02,17,,,1.03,21,1.02,13.73,1.06,14.5
5,Melbourne,Australian Open,1/19/2026,Grand Slam,Outdoor,Hard,1st Round,3,Bouzkova M.,Zarazua R.,44,80,1225,855,6,2,7,5,,,2,0,Completed,1.29,3.75,,,1.3,3.8,1.28,3.58,1.32,4
5,Melbourne,Australian Open,1/19/2026,Grand Slam,Outdoor,Hard,1st Round,3,Shnaider D.,Krejcikova B.,22,58,1953,1081,2,6,6,3,6,3,2,1,Completed,1.53,2.5,,,1.6,2.5,1.56,2.39,1.6,2.6
5,Melbourne,Australian Open,1/19/2026,Grand Slam,Outdoor,Hard,1st Round,3,Andreeva M.,Vekic D.,7,72,4731,935,4,6,6,3,6,0,2,1,Completed,1.11,6.5,,,1.13,6.75,1.12,6.04,1.15,7.4
5,Melbourne,Australian Open,1/19/2026,Grand Slam,Outdoor,Hard,1st Round,3,Swiatek I.,Yuan Y.,2,130,8328,552,7,6,6,3,,,2,0,Completed,1.01,26,,,1.03,26,1.02,16.97,1.02,36
5,Melbourne,Australian Open,1/19/2026,Grand Slam,Outdoor,Hard,1st Round,3,Uchijima M.,Sierra S.,88,63,822,1018,6,3,6,1,,,2,0,Completed,2.75,1.44,,,2.85,1.57,2.66,1.46,3,1.49
5,Melbourne,Australian Open,1/19/2026,Grand Slam,Outdoor,Hard,1st Round,3,Mertens E.,Tararudee L.,21,131,1956,549,7,5,6,1,,,2,0,Completed,1.25,4,,,1.25,4.2,1.24,3.96,1.3,4.2
5,Melbourne,Australian Open,1/20/2026,Grand Slam,Outdoor,Hard,1st Round,3,Siniakova K.,Udvardy P.,45,90,1215,819,6,1,6,2,,,2,0,Completed,1.1,7,,,1.13,7,1.11,6.37,1.13,7.6
5,Melbourne,Australian Open,1/20/2026,Grand Slam,Outdoor,Hard,1st Round,3,Tjen J.,Fernandez L.A.,59,23,1075,1821,6,2,7,6,,,2,0,Completed,3.4,1.33,,,3.45,1.44,3.25,1.34,3.6,1.37
5,Melbourne,Australian Open,1/20/2026,Grand Slam,Outdoor,Hard,1st Round,3,Preston T.,Zhang S.,161,75,443,899,6,3,2,6,6,3,2,1,Completed,2.5,1.53,,,2.63,1.57,2.55,1.5,3,1.48
5,Melbourne,Australian Open,1/20/2026,Grand Slam,Outdoor,Hard,1st Round,3,Gracheva V.,Golubic V.,77,83,887,841,6,1,2,6,6,1,2,1,Completed,1.91,1.91,,,1.93,1.91,1.89,1.88,2.06,1.91
5,Melbourne,Australian Open,1/20/2026,Grand Slam,Outdoor,Hard,1st Round,3,Krueger A.,Bejlek S.,62,89,1026,821,6,3,6,3,,,2,0,Completed,1.67,2.2,,,1.83,2.25,1.68,2.15,1.78,2.26
5,Melbourne,Australian Open,1/20/2026,Grand Slam,Outdoor,Hard,1st Round,3,Valentova T.,Joint M.,54,31,1121,1549,6,4,6,4,,,2,0,Completed,1.4,3,,,1.44,3.05,1.41,2.85,1.42,3.3
5,Melbourne,Australian Open,1/20/2026,Grand Slam,Outdoor,Hard,1st Round,3,Keys M.,Oliynykova O.,9,92,4111,804,7,6,6,1,,,2,0,Completed,1.02,17,,,1.05,17,1.03,12.04,1.06,16
5,Melbourne,Australian Open,1/20/2026,Grand Slam,Outdoor,Hard,1st Round,3,Wang Xin.,Kalinina A.,46,179,1197,393,6,3,6,3,,,2,0,Completed,1.67,2.2,,,1.73,2.25,1.67,2.17,1.73,2.3
5,Melbourne,Australian Open,1/20/2026,Grand Slam,Outdoor,Hard,1st Round,3,Grabher J.,Cocciaretto E.,95,56,799,1099,7,5,2,6,6,4,2,1,Completed,4,1.25,,,5,1.26,4.03,1.23,4.5,1.27
5,Melbourne,Australian Open,1/20/2026,Grand Slam,Outdoor,Hard,1st Round,3,Pliskova Ka.,Stephens S.,1057,1102,16,14,7,6,6,2,,,2,0,Completed,3,1.4,,,3,1.48,2.88,1.41,3.3,1.42
5,Melbourne,Australian Open,1/20/2026,Grand Slam,Outdoor,Hard,1st Round,3,Fruhvirtova L.,Sun L.,132,86,548,825,6,3,7,5,,,2,0,Completed,2.1,1.73,,,2.2,1.73,2.12,1.7,2.2,1.8
5,Melbourne,Australian Open,1/20/2026,Grand Slam,Outdoor,Hard,1st Round,3,Kalinskaya A.,Kartal S.,33,66,1511,1004,7,6,6,1,,,2,0,Completed,1.53,2.5,,,1.57,2.55,1.53,2.47,1.58,2.68
5,Melbourne,Australian Open,1/20/2026,Grand Slam,Outdoor,Hard,1st Round,3,Rybakina E.,Juvan K.,5,100,5850,770,6,4,6,3,,,2,0,Completed,1.03,15,,,1.04,15,1.03,12.08,1.04,17.5
5,Melbourne,Australian Open,1/20/2026,Grand Slam,Outdoor,Hard,1st Round,3,Cirstea S.,Lys E.,41,39,1249,1303,3,6,6,4,6,3,2,1,Completed,1.91,1.91,,,2,2,1.87,1.91,1.93,2.02
5,Melbourne,Australian Open,1/20/2026,Grand Slam,Outdoor,Hard,1st Round,3,Ostapenko J.,Sramkova R.,24,73,1741,914,6,4,6,4,,,2,0,Completed,1.91,1.91,,,2.15,1.91,1.93,1.85,2.16,1.84
5,Melbourne,Australian Open,1/20/2026,Grand Slam,Outdoor,Hard,1st Round,3,Siegemund L.,Samsonova L.,48,18,1171,2122,0,6,7,5,6,4,2,1,Completed,4.33,1.22,,,5.5,1.27,4.17,1.22,4.3,1.28
5,Melbourne,Australian Open,1/20/2026,Grand Slam,Outdoor,Hard,1st Round,3,Bencic B.,Boulter K.,10,113,3512,684,6,0,7,5,,,2,0,Completed,1.13,6,,,1.15,7.5,1.13,5.92,1.14,7.4
5,Melbourne,Australian Open,1/20/2026,Grand Slam,Outdoor,Hard,1st Round,3,Osaka N.,Ruzic A.,17,65,2366,1008,6,3,3,6,6,4,2,1,Completed,1.22,4.33,,,1.25,4.33,1.23,4.08,1.26,4.8
5,Melbourne,Australian Open,1/20/2026,Grand Slam,Outdoor,Hard,1st Round,3,Inglis M.,Birrell K.,168,76,418,892,7,6,6,7,6,4,2,1,Completed,3,1.4,,,3.1,1.42,2.94,1.39,3.25,1.42
5,Melbourne,Australian Open,1/20/2026,Grand Slam,Outdoor,Hard,1st Round,3,Bartunkova N.,Kasatkina D.,126,43,582,1227,7,6,0,6,6,3,2,1,Completed,2.75,1.44,,,2.88,1.45,2.78,1.43,2.8,1.55
5,Melbourne,Australian Open,1/21/2026,Grand Slam,Outdoor,Hard,2nd Round,3,Shnaider D.,Gibson T.,22,119,1953,634,3,6,7,5,6,3,2,1,Completed,1.25,4,,,1.26,5,1.23,4.18,1.28,4.5
5,Melbourne,Australian Open,1/21/2026,Grand Slam,Outdoor,Hard,2nd Round,3,Sonmez Z.,Bondar A.,112,74,694,913,6,2,6,4,,,2,0,Completed,1.62,2.3,,,1.72,2.3,1.66,2.19,1.72,2.36
5,Melbourne,Australian Open,1/21/2026,Grand Slam,Outdoor,Hard,2nd Round,3,Svitolina E.,Klimovicova L.,12,134,2856,538,7,5,6,1,,,2,0,Completed,1.1,7,,,1.14,7,1.11,6.52,1.12,9
5,Melbourne,Australian Open,1/21/2026,Grand Slam,Outdoor,Hard,2nd Round,3,Sabalenka A.,Bai Z.,1,702,10990,55,6,3,6,1,,,2,0,Completed,1.01,29,,,1.02,34,1.01,22.65,1.01,50
5,Melbourne,Australian Open,1/21/2026,Grand Slam,Outdoor,Hard,2nd Round,3,Putintseva Y.,Jacquemot E.,94,60,799,1070,6,1,6,2,,,2,0,Completed,1.36,3.2,,,1.42,3.2,1.38,3,1.4,3.4
5,Melbourne,Australian Open,1/21/2026,Grand Slam,Outdoor,Hard,2nd Round,3,Baptiste H.,Hunter S.,70,367,979,169,6,2,6,1,,,2,0,Completed,1.62,2.3,,,1.65,2.38,1.61,2.27,1.76,2.28
5,Melbourne,Australian Open,1/21/2026,Grand Slam,Outdoor,Hard,2nd Round,3,Mboko V.,McNally C.,16,85,2447,836,6,4,6,3,,,2,0,Completed,1.3,3.5,,,1.35,3.5,1.32,3.31,1.35,3.75
5,Melbourne,Australian Open,1/21/2026,Grand Slam,Outdoor,Hard,2nd Round,3,Tauson C.,Kudermetova P.,14,150,2530,490,6,3,3,6,7,5,2,1,Completed,1.44,2.75,,,1.5,2.9,1.43,2.77,1.45,3.15
5,Melbourne,Australian Open,1/21/2026,Grand Slam,Outdoor,Hard,2nd Round,3,Potapova A.,Raducanu E.,55,29,1106,1607,7,6,6,2,,,2,0,Completed,3.2,1.36,,,3.6,1.4,3.13,1.35,3.15,1.45
5,Melbourne,Australian Open,1/21/2026,Grand Slam,Outdoor,Hard,2nd Round,3,Gauff C.,Danilovic O.,3,69,6423,981,6,2,6,2,,,2,0,Completed,1.08,8,,,1.11,10,1.09,7.38,1.11,9.6
5,Melbourne,Australian Open,1/21/2026,Grand Slam,Outdoor,Hard,2nd Round,3,Ruse E.G.,Tomljanovic A.,79,78,872,881,6,4,6,4,,,2,0,Completed,1.67,2.2,,,1.7,2.5,1.66,2.2,1.74,2.32
5,Melbourne,Australian Open,1/21/2026,Grand Slam,Outdoor,Hard,2nd Round,3,Linette M.,Li A.,50,38,1157,1316,6,3,6,3,,,2,0,Completed,2.1,1.73,,,2.2,1.73,2.12,1.71,2.32,1.74
5,Melbourne,Australian Open,1/21/2026,Grand Slam,Outdoor,Hard,2nd Round,3,Muchova K.,Parks A.,19,99,2083,770,4,6,6,4,6,4,2,1,Completed,1.08,8,,,1.1,8,1.09,7.23,1.12,8.8
5,Melbourne,Australian Open,1/21/2026,Grand Slam,Outdoor,Hard,2nd Round,3,Andreeva M.,Sakkari M.,7,53,4731,1133,6,0,6,4,,,2,0,Completed,1.17,5,,,1.18,5.25,1.17,4.89,1.2,5.8
5,Melbourne,Australian Open,1/21/2026,Grand Slam,Outdoor,Hard,2nd Round,3,Paolini J.,Frech M.,8,57,4267,1093,6,2,6,3,,,2,0,Completed,1.25,4,,,1.26,4.33,1.25,3.89,1.3,4.2
5,Melbourne,Australian Open,1/21/2026,Grand Slam,Outdoor,Hard,2nd Round,3,Jovic I.,Hon P.,27,121,1671,620,6,1,6,2,,,2,0,Completed,1.14,5.5,,,1.18,5.5,1.17,4.87,1.21,5.4
5,Melbourne,Australian Open,1/22/2026,Grand Slam,Outdoor,Hard,2nd Round,3,Keys M.,Krueger A.,9,62,4111,1026,6,1,7,5,,,2,0,Completed,1.2,4.5,,,1.25,4.75,1.21,4.29,1.25,4.8
5,Melbourne,Australian Open,1/22/2026,Grand Slam,Outdoor,Hard,2nd Round,3,Selekhmeteva O.,Badosa P.,101,26,769,1676,6,4,6,4,,,2,0,Completed,4,1.25,,,4,1.27,3.85,1.26,4.3,1.28
5,Melbourne,Australian Open,1/22/2026,Grand Slam,Outdoor,Hard,2nd Round,3,Pegula J.,Kessler M.,6,37,5453,1335,6,0,6,2,,,2,0,Completed,1.22,4.33,,,1.25,4.33,1.23,4.1,1.26,4.7
5,Melbourne,Australian Open,1/22/2026,Grand Slam,Outdoor,Hard,2nd Round,3,Pliskova Ka.,Tjen J.,1057,59,16,1075,6,4,6,4,,,2,0,Completed,3.5,1.3,,,3.66,1.34,3.44,1.31,3.75,1.36
5,Melbourne,Australian Open,1/22/2026,Grand Slam,Outdoor,Hard,2nd Round,3,Kalinskaya A.,Grabher J.,33,95,1511,799,6,3,6,3,,,2,0,Completed,1.08,8,,,1.11,8,1.09,7.04,1.11,9.4
5,Melbourne,Australian Open,1/22/2026,Grand Slam,Outdoor,Hard,2nd Round,3,Inglis M.,Siegemund L.,168,48,418,1171,6,4,6,7,7,6,2,1,Completed,2.3,1.62,,,2.3,1.68,2.22,1.64,2.5,1.65
5,Melbourne,Australian Open,1/22/2026,Grand Slam,Outdoor,Hard,2nd Round,3,Wang Xin.,Ostapenko J.,46,24,1197,1741,4,6,6,4,6,4,2,1,Completed,1.62,2.3,,,1.67,2.3,1.64,2.22,1.65,2.5
5,Melbourne,Australian Open,1/22/2026,Grand Slam,Outdoor,Hard,2nd Round,3,Noskova L.,Preston T.,13,161,2641,443,6,2,4,6,6,2,2,1,Completed,1.14,5.5,,,1.17,6,1.15,5.27,1.18,6
5,Melbourne,Australian Open,1/22/2026,Grand Slam,Outdoor,Hard,2nd Round,3,Stearns P.,Marcinko P.,68,81,987,854,6,2,7,5,,,2,0,Completed,1.67,2.2,,,1.67,2.3,1.63,2.23,1.69,2.42
5,Melbourne,Australian Open,1/22/2026,Grand Slam,Outdoor,Hard,2nd Round,3,Anisimova A.,Siniakova K.,4,45,6320,1215,6,1,6,4,,,2,0,Completed,1.29,3.75,,,1.29,3.75,1.29,3.58,1.29,4.3
5,Melbourne,Australian Open,1/22/2026,Grand Slam,Outdoor,Hard,2nd Round,3,Mertens E.,Uchijima M.,21,88,1956,822,6,3,6,1,,,2,0,Completed,1.11,6.5,,,1.13,7.5,1.11,6.27,1.13,7.8
5,Melbourne,Australian Open,1/22/2026,Grand Slam,Outdoor,Hard,2nd Round,3,Valentova T.,Fruhvirtova L.,54,132,1121,548,7,5,2,6,6,3,2,1,Completed,1.2,4.5,,,1.23,5.2,1.2,4.5,1.23,5.1
5,Melbourne,Australian Open,1/22/2026,Grand Slam,Outdoor,Hard,2nd Round,3,Swiatek I.,Bouzkova M.,2,44,8328,1225,6,2,6,3,,,2,0,Completed,1.07,9,,,1.1,9,1.09,7.27,1.11,9.6
5,Melbourne,Australian Open,1/22/2026,Grand Slam,Outdoor,Hard,2nd Round,3,Osaka N.,Cirstea S.,17,41,2366,1249,6,3,4,6,6,2,2,1,Completed,1.57,2.38,,,1.65,2.5,1.57,2.36,1.64,2.5
5,Melbourne,Australian Open,1/22/2026,Grand Slam,Outdoor,Hard,2nd Round,3,Bartunkova N.,Bencic B.,126,10,582,3512,6,3,0,6,6,4,2,1,Completed,10,1.06,,,10,1.08,8.56,1.06,12,1.08
5,Melbourne,Australian Open,1/22/2026,Grand Slam,Outdoor,Hard,2nd Round,3,Rybakina E.,Gracheva V.,5,77,5850,887,7,5,6,2,,,2,0,Completed,1.04,13,,,1.04,13,1.03,11.46,1.05,20
5,Melbourne,Australian Open,1/23/2026,Grand Slam,Outdoor,Hard,3rd Round,3,Mboko V.,Tauson C.,16,14,2447,2530,7,6,5,7,6,3,2,1,Completed,1.5,2.63,,,1.52,2.75,1.49,2.58,1.49,2.98
5,Melbourne,Australian Open,1/23/2026,Grand Slam,Outdoor,Hard,3rd Round,3,Sabalenka A.,Potapova A.,1,55,10990,1106,7,6,7,6,,,2,0,Completed,1.04,13,,,1.04,14,1.04,11.38,1.03,26
5,Melbourne,Australian Open,1/23/2026,Grand Slam,Outdoor,Hard,3rd Round,3,Putintseva Y.,Sonmez Z.,94,112,799,694,6,3,6,7,6,3,2,1,Completed,1.73,2.1,,,1.83,2.15,1.74,2.07,1.82,2.2
5,Melbourne,Australian Open,1/23/2026,Grand Slam,Outdoor,Hard,3rd Round,3,Gauff C.,Baptiste H.,3,70,6423,979,3,6,6,0,6,3,2,1,Completed,1.06,10,,,1.08,10,1.07,8.27,1.09,11.5
5,Melbourne,Australian Open,1/23/2026,Grand Slam,Outdoor,Hard,3rd Round,3,Muchova K.,Linette M.,19,50,2083,1157,6,1,6,1,,,2,0,Completed,1.2,4.5,,,1.23,4.6,1.21,4.36,1.22,5.3
5,Melbourne,Australian Open,1/23/2026,Grand Slam,Outdoor,Hard,3rd Round,3,Jovic I.,Paolini J.,27,8,1671,4267,6,2,7,6,,,2,0,Completed,2.2,1.67,,,2.28,1.73,2.16,1.68,2.22,1.8
5,Melbourne,Australian Open,1/23/2026,Grand Slam,Outdoor,Hard,3rd Round,3,Svitolina E.,Shnaider D.,12,22,2856,1953,7,6,6,3,,,2,0,Completed,1.5,2.63,,,1.53,2.75,1.49,2.58,1.51,2.92
5,Melbourne,Australian Open,1/23/2026,Grand Slam,Outdoor,Hard,3rd Round,3,Andreeva M.,Ruse E.G.,7,79,4731,872,6,3,6,4,,,2,0,Completed,1.1,7,,,1.13,7.5,1.11,6.23,1.13,8
5,Melbourne,Australian Open,1/23/2026,Grand Slam,Outdoor,Hard,3rd Round,3,Pegula J.,Selekhmeteva O.,6,101,5453,769,6,3,6,2,,,2,0,Completed,1.05,11,,,1.06,11,1.05,9.35,1.08,12
5,Melbourne,Australian Open,1/23/2026,Grand Slam,Outdoor,Hard,3rd Round,3,Keys M.,Pliskova Ka.,9,1057,4111,16,6,3,6,3,,,2,0,Completed,1.14,5.5,,,1.15,6.5,1.14,5.49,1.17,6.2
5,Melbourne,Australian Open,1/24/2026,Grand Slam,Outdoor,Hard,3rd Round,3,Anisimova A.,Stearns P.,4,68,6320,987,6,1,6,4,,,2,0,Completed,1.14,5.5,,,1.17,6,1.15,5.3,1.19,6.2
5,Melbourne,Australian Open,1/24/2026,Grand Slam,Outdoor,Hard,3rd Round,3,Wang Xin.,Noskova L.,46,13,1197,2641,7,5,6,4,,,2,0,Completed,2.75,1.44,,,2.9,1.5,2.71,1.45,2.98,1.49
5,Melbourne,Australian Open,1/24/2026,Grand Slam,Outdoor,Hard,3rd Round,3,Mertens E.,Bartunkova N.,21,126,1956,582,6,0,6,4,,,2,0,Completed,1.29,3.75,,,1.29,4.33,1.27,3.74,1.33,4
5,Melbourne,Australian Open,1/24/2026,Grand Slam,Outdoor,Hard,3rd Round,3,Swiatek I.,Kalinskaya A.,2,33,8328,1511,6,1,1,6,6,1,2,1,Completed,1.22,4.33,,,1.25,4.5,1.22,4.15,1.26,4.8
5,Melbourne,Australian Open,1/24/2026,Grand Slam,Outdoor,Hard,3rd Round,3,Inglis M.,Osaka N.,168,17,418,2366,,,,,,,,,Walkover,7,1.1,,,7,1.12,6.54,1.1,8.4,1.13
5,Melbourne,Australian Open,1/24/2026,Grand Slam,Outdoor,Hard,3rd Round,3,Rybakina E.,Valentova T.,5,54,5850,1121,6,2,6,3,,,2,0,Completed,1.17,5,,,1.2,5,1.18,4.78,1.19,6
5,Melbourne,Australian Open,1/25/2026,Grand Slam,Outdoor,Hard,4th Round,3,Sabalenka A.,Mboko V.,1,16,10990,2447,6,1,7,6,,,2,0,Completed,1.14,5.5,,,1.17,5.75,1.16,5.22,1.18,6.2
5,Melbourne,Australian Open,1/25/2026,Grand Slam,Outdoor,Hard,4th Round,3,Jovic I.,Putintseva Y.,27,94,1671,799,6,0,6,1,,,2,0,Completed,1.29,3.75,,,1.44,4,1.29,3.59,1.29,4.3
5,Melbourne,Australian Open,1/25/2026,Grand Slam,Outdoor,Hard,4th Round,3,Gauff C.,Muchova K.,3,19,6423,2083,6,1,3,6,6,3,2,1,Completed,1.44,2.75,,,1.49,2.8,1.45,2.71,1.48,3
5,Melbourne,Australian Open,1/25/2026,Grand Slam,Outdoor,Hard,4th Round,3,Svitolina E.,Andreeva M.,12,7,2856,4731,6,2,6,4,,,2,0,Completed,2.5,1.53,,,2.7,1.57,2.53,1.51,2.72,1.57
5,Melbourne,Australian Open,1/26/2026,Grand Slam,Outdoor,Hard,4th Round,3,Pegula J.,Keys M.,6,9,5453,4111,6,3,6,4,,,2,0,Completed,1.62,2.3,,,1.65,2.5,1.59,2.33,1.63,2.58
5,Melbourne,Australian Open,1/26/2026,Grand Slam,Outdoor,Hard,4th Round,3,Anisimova A.,Wang Xin.,4,46,6320,1197,7,6,6,4,,,2,0,Completed,1.14,5.5,,,1.17,6.5,1.14,5.5,1.16,7
5,Melbourne,Australian Open,1/26/2026,Grand Slam,Outdoor,Hard,4th Round,3,Rybakina E.,Mertens E.,5,21,5850,1956,6,1,6,3,,,2,0,Completed,1.14,5.5,,,1.18,5.5,1.15,5.22,1.17,6.4
5,Melbourne,Australian Open,1/26/2026,Grand Slam,Outdoor,Hard,4th Round,3,Swiatek I.,Inglis M.,2,168,8328,418,6,0,6,3,,,2,0,Completed,1.01,23,,,1.02,23,1.01,16.77,1.02,34
5,Melbourne,Australian Open,1/27/2026,Grand Slam,Outdoor,Hard,Quarterfinals,3,Sabalenka A.,Jovic I.,1,27,10990,1671,6,3,6,0,,,2,0,Completed,1.14,5.5,,,1.16,6,1.14,5.41,1.17,6.8
5,Melbourne,Australian Open,1/27/2026,Grand Slam,Outdoor,Hard,Quarterfinals,3,Svitolina E.,Gauff C.,12,3,2856,6423,6,1,6,2,,,2,0,Completed,2.63,1.5,,,2.8,1.55,2.58,1.5,2.68,1.59
5,Melbourne,Australian Open,1/28/2026,Grand Slam,Outdoor,Hard,Quarterfinals,3,Rybakina E.,Swiatek I.,5,2,5850,8328,7,5,6,1,,,2,0,Completed,1.67,2.2,,,1.75,2.2,1.71,2.13,1.78,2.26
5,Melbourne,Australian Open,1/28/2026,Grand Slam,Outdoor,Hard,Quarterfinals,3,Pegula J.,Anisimova A.,6,4,5453,6320,6,2,7,6,,,2,0,Completed,2.1,1.73,,,2.1,1.83,2.05,1.76,2.24,1.8
5,Melbourne,Australian Open,1/29/2026,Grand Slam,Outdoor,Hard,Semifinals,3,Sabalenka A.,Svitolina E.,1,12,10990,2856,6,2,6,3,,,2,0,Completed,1.2,4.5,,,1.29,4.6,1.22,4.19,1.24,5
5,Melbourne,Australian Open,1/29/2026,Grand Slam,Outdoor,Hard,Semifinals,3,Rybakina E.,Pegula J.,5,6,5850,5453,6,3,7,6,,,2,0,Completed,1.44,2.75,,,1.48,2.95,1.43,2.77,1.47,3.1
5,Melbourne,Australian Open,1/31/2026,Grand Slam,Outdoor,Hard,The Final,3,Rybakina E.,Sabalenka A.,5,1,5850,10990,6,4,4,6,6,4,2,1,Completed,2.38,1.62,,,2.48,1.63,2.36,1.6,2.48,1.67
6,Abu Dhabi,Abu Dhabi WTA Women's Tennis Open,2/1/2026,WTA500,Outdoor,Hard,1st Round,3,Samsonova L.,Kenin S.,18,28,2062,1567,6,4,6,0,,,2,0,Completed,1.5,2.63,,,1.5,2.75,1.47,2.59,1.53,2.84
6,Abu Dhabi,Abu Dhabi WTA Women's Tennis Open,2/1/2026,WTA500,Outdoor,Hard,1st Round,3,Kessler M.,Pavlyuchenkova A.,32,100,1395,765,6,3,6,3,,,2,0,Completed,1.44,2.75,,,1.46,3,1.41,2.79,1.45,3.05
6,Abu Dhabi,Abu Dhabi WTA Women's Tennis Open,2/1/2026,WTA500,Outdoor,Hard,1st Round,3,Fernandez L.A.,Paquet C.,25,220,1701,323,6,0,6,3,,,2,0,Completed,1.17,5,,,1.17,19,1.16,7.5,,
6,Abu Dhabi,Abu Dhabi WTA Women's Tennis Open,2/1/2026,WTA500,Outdoor,Hard,1st Round,3,Baptiste H.,Kostovic T.,56,171,1071,416,4,6,6,3,6,4,2,1,Completed,1.25,4,,,1.3,4,1.28,3.6,1.32,3.95
6,Abu Dhabi,Abu Dhabi WTA Women's Tennis Open,2/2/2026,WTA500,Outdoor,Hard,1st Round,3,Bejlek S.,Krueger A.,101,55,753,1086,6,3,6,0,,,2,0,Completed,2.1,1.73,,,2.17,1.76,2.07,1.73,2.22,1.8
6,Abu Dhabi,Abu Dhabi WTA Women's Tennis Open,2/2/2026,WTA500,Outdoor,Hard,1st Round,3,Sasnovich A.,Badosa P.,109,65,710,966,6,4,3,6,6,1,2,1,Completed,3,1.4,,,3,1.47,2.86,1.39,3.05,1.47
6,Abu Dhabi,Abu Dhabi WTA Women's Tennis Open,2/2/2026,WTA500,Outdoor,Hard,1st Round,3,Kartal S.,Bucsa C.,61,57,1004,1069,6,3,7,6,,,2,0,Completed,1.4,3,,,1.42,3,1.4,2.84,1.43,3.2
6,Abu Dhabi,Abu Dhabi WTA Women's Tennis Open,2/2/2026,WTA500,Outdoor,Hard,1st Round,3,Waltert S.,Kasatkina D.,94,62,786,997,7,6,3,6,6,4,2,1,Completed,2.5,1.53,,,2.55,1.56,2.45,1.53,2.56,1.6
6,Abu Dhabi,Abu Dhabi WTA Women's Tennis Open,2/2/2026,WTA500,Outdoor,Hard,1st Round,3,Tjen J.,Joint M.,47,29,1139,1549,7,6,3,6,6,3,2,1,Completed,1.8,2,,,1.84,2.2,1.76,2.02,1.81,2.18
6,Abu Dhabi,Abu Dhabi WTA Women's Tennis Open,2/2/2026,WTA500,Outdoor,Hard,1st Round,3,Yastremska D.,Haddad Maia B.,43,68,1175,932,6,2,7,5,,,2,0,Completed,1.57,2.38,,,1.67,2.38,1.6,2.27,1.69,2.42
6,Abu Dhabi,Abu Dhabi WTA Women's Tennis Open,2/2/2026,WTA500,Outdoor,Hard,1st Round,3,Ostapenko J.,Selekhmeteva O.,24,76,1801,868,5,7,7,6,6,2,2,1,Completed,1.8,2,,,2.3,2,1.97,1.81,2.1,1.88
6,Abu Dhabi,Abu Dhabi WTA Women's Tennis Open,2/2/2026,WTA500,Outdoor,Hard,1st Round,3,Eala A.,Sonmez Z.,45,79,1163,854,6,4,6,3,,,2,0,Completed,2,1.8,,,2.1,2,1.99,1.79,2.2,1.82
6,Abu Dhabi,Abu Dhabi WTA Women's Tennis Open,2/3/2026,WTA500,Outdoor,Hard,2nd Round,3,Samsonova L.,Tjen J.,18,47,2062,1139,6,2,6,2,,,2,0,Completed,1.53,2.5,,,1.63,2.63,1.52,2.48,1.6,2.6
6,Abu Dhabi,Abu Dhabi WTA Women's Tennis Open,2/3/2026,WTA500,Outdoor,Hard,2nd Round,3,Kessler M.,Fernandez L.A.,32,25,1395,1701,6,3,6,2,,,2,0,Completed,2.1,1.73,,,2.25,1.73,2.13,1.69,2.4,1.7
6,Abu Dhabi,Abu Dhabi WTA Women's Tennis Open,2/3/2026,WTA500,Outdoor,Hard,2nd Round,3,Baptiste H.,Navarro E.,56,17,1071,2095,7,6,0,6,6,3,2,1,Completed,3,1.4,,,3,1.42,2.87,1.4,3.1,1.46
6,Abu Dhabi,Abu Dhabi WTA Women's Tennis Open,2/3/2026,WTA500,Outdoor,Hard,2nd Round,3,Tauson C.,Waltert S.,16,94,2345,786,6,3,6,1,,,2,0,Completed,1.29,3.75,,,1.44,3.8,1.31,3.4,1.31,4
6,Abu Dhabi,Abu Dhabi WTA Women's Tennis Open,2/4/2026,WTA500,Outdoor,Hard,2nd Round,3,Alexandrova E.,Yastremska D.,11,43,2983,1175,6,3,6,0,,,2,0,Completed,1.44,2.75,,,1.55,2.8,1.5,2.54,1.51,2.92
6,Abu Dhabi,Abu Dhabi WTA Women's Tennis Open,2/4/2026,WTA500,Outdoor,Hard,2nd Round,3,Bejlek S.,Ostapenko J.,101,24,753,1801,6,4,6,3,,,2,0,Completed,1.8,2,,,1.94,2.1,1.84,1.94,1.92,2.06
6,Abu Dhabi,Abu Dhabi WTA Women's Tennis Open,2/4/2026,WTA500,Outdoor,Hard,2nd Round,3,Kartal S.,Zarazua R.,61,92,1004,804,6,0,6,3,,,2,0,Completed,,,,,1.07,12.5,1.06,9.83,,
6,Abu Dhabi,Abu Dhabi WTA Women's Tennis Open,2/4/2026,WTA500,Outdoor,Hard,2nd Round,3,Eala A.,Sasnovich A.,45,109,1163,710,2,6,6,4,7,6,2,1,Completed,1.57,2.38,,,1.6,2.43,1.57,2.34,1.61,2.58
6,Abu Dhabi,Abu Dhabi WTA Women's Tennis Open,2/5/2026,WTA500,Outdoor,Hard,Quarterfinals,3,Tauson C.,Kessler M.,16,32,2345,1395,6,3,6,4,,,2,0,Completed,1.57,2.38,,,1.85,2.4,1.63,2.26,1.66,2.48
6,Abu Dhabi,Abu Dhabi WTA Women's Tennis Open,2/5/2026,WTA500,Outdoor,Hard,Quarterfinals,3,Bejlek S.,Kartal S.,101,61,753,1004,6,0,6,2,,,2,0,Completed,3.5,1.3,,,3.6,1.47,3.25,1.33,3.75,1.35
6,Abu Dhabi,Abu Dhabi WTA Women's Tennis Open,2/5/2026,WTA500,Outdoor,Hard,Quarterfinals,3,Alexandrova E.,Eala A.,11,45,2983,1163,6,3,6,3,,,2,0,Completed,1.29,3.75,,,1.3,3.85,1.29,3.6,1.32,4
6,Abu Dhabi,Abu Dhabi WTA Women's Tennis Open,2/5/2026,WTA500,Outdoor,Hard,Quarterfinals,3,Baptiste H.,Samsonova L.,56,18,1071,2062,6,2,4,6,6,4,2,1,Completed,3.2,1.36,,,3.5,1.4,3.06,1.36,3.35,1.41
6,Abu Dhabi,Abu Dhabi WTA Women's Tennis Open,2/6/2026,WTA500,Outdoor,Hard,Semifinals,3,Alexandrova E.,Baptiste H.,11,56,2983,1071,3,6,7,6,6,3,2,1,Completed,1.25,4,,,1.27,4,1.25,3.8,1.29,4.3
6,Abu Dhabi,Abu Dhabi WTA Women's Tennis Open,2/6/2026,WTA500,Outdoor,Hard,Semifinals,3,Bejlek S.,Tauson C.,101,16,753,2345,7,5,3,6,7,5,2,1,Completed,2.75,1.44,,,2.95,1.45,2.78,1.42,2.96,1.5
6,Abu Dhabi,Abu Dhabi WTA Women's Tennis Open,2/7/2026,WTA500,Outdoor,Hard,The Final,3,Bejlek S.,Alexandrova E.,101,11,753,2983,7,6,6,1,,,2,0,Completed,3,1.4,,,3,1.57,2.83,1.42,3.1,1.46
7,Cluj-Napoca,Transylvania Open,2/1/2026,WTA250,Indoor,Hard,1st Round,3,Yuan Y.,Ruzic A.,130,67,582,933,6,4,5,7,6,2,2,1,Completed,2.2,1.67,,,2.3,1.73,2.13,1.68,2.28,1.76
7,Cluj-Napoca,Transylvania Open,2/1/2026,WTA250,Indoor,Hard,1st Round,3,Sorribes Tormo S.,Tomova V.,478,143,113,518,6,2,7,5,,,2,0,Completed,2.63,1.5,,,3.1,1.53,2.56,1.49,2.74,1.55
7,Cluj-Napoca,Transylvania Open,2/1/2026,WTA250,Indoor,Hard,1st Round,3,Bondar A.,Seidel E.,64,83,973,837,4,6,7,6,6,0,2,1,Completed,1.73,2.1,,,1.83,2.1,1.79,1.98,1.93,2.04
7,Cluj-Napoca,Transylvania Open,2/1/2026,WTA250,Indoor,Hard,1st Round,3,Oliynykova O.,Sherif M.,91,106,805,720,6,7,6,4,6,4,2,1,Completed,1.53,2.5,,,1.57,2.5,1.54,2.42,1.62,2.58
7,Cluj-Napoca,Transylvania Open,2/2/2026,WTA250,Indoor,Hard,1st Round,3,Juvan K.,Bertea E.R.,97,295,778,215,6,3,6,4,,,2,0,Completed,1.2,4.5,,,1.2,5.25,1.17,4.69,1.2,5.7
7,Cluj-Napoca,Transylvania Open,2/2/2026,WTA250,Indoor,Hard,1st Round,3,Zakharova A.,Pliskova Ka.,107,416,719,146,4,6,6,2,6,2,2,1,Completed,2.63,1.5,,,2.88,1.55,2.63,1.46,2.86,1.52
7,Cluj-Napoca,Transylvania Open,2/2/2026,WTA250,Indoor,Hard,1st Round,3,Zidansek T.,Erjavec V.,153,103,467,735,6,1,6,4,,,2,0,Completed,1.53,2.5,,,1.6,2.54,1.54,2.4,1.6,2.6
7,Cluj-Napoca,Transylvania Open,2/2/2026,WTA250,Indoor,Hard,1st Round,3,Danilovic O.,Bulgaru M.,88,206,811,346,6,4,6,3,,,2,0,Completed,1.08,8,,,1.08,8.5,1.07,7.63,1.08,12
7,Cluj-Napoca,Transylvania Open,2/2/2026,WTA250,Indoor,Hard,1st Round,3,Chwalinska M.,Bogdan A.,146,538,493,97,6,3,6,2,,,2,0,Completed,1.14,5.5,,,1.2,5.5,1.17,4.87,1.21,5.6
7,Cluj-Napoca,Transylvania Open,2/2/2026,WTA250,Indoor,Hard,1st Round,3,Raducanu E.,Minnen G.,30,125,1547,599,6,0,6,4,,,2,0,Completed,1.3,3.5,,,1.33,3.55,1.31,3.37,1.36,3.7
7,Cluj-Napoca,Transylvania Open,2/2/2026,WTA250,Indoor,Hard,1st Round,3,Cirstea S.,Rakhimova K.,36,93,1303,802,6,4,6,4,,,2,0,Completed,1.4,3,,,1.42,3,1.4,2.86,1.44,3.15
7,Cluj-Napoca,Transylvania Open,2/3/2026,WTA250,Indoor,Hard,1st Round,3,Potapova A.,Bronzetti L.,58,110,1068,688,5,7,6,4,7,5,2,1,Completed,1.17,5,,,1.18,5.5,1.17,4.81,1.19,6
7,Cluj-Napoca,Transylvania Open,2/3/2026,WTA250,Indoor,Hard,1st Round,3,Wang Xin.,Quevedo K.,33,134,1356,553,6,3,6,0,,,2,0,Completed,1.2,4.5,,,1.22,5,1.2,4.37,1.22,5.2
7,Cluj-Napoca,Transylvania Open,2/3/2026,WTA250,Indoor,Hard,1st Round,3,Masarova R.,Ruse E.G.,114,72,649,892,6,1,4,6,6,2,2,1,Completed,3.75,1.29,,,4,1.33,3.7,1.26,4.2,1.29
7,Cluj-Napoca,Transylvania Open,2/3/2026,WTA250,Indoor,Hard,1st Round,3,Snigur D.,Rakotomanga Rajaonah T.,144,116,516,649,6,3,6,3,,,2,0,Completed,1.29,3.75,,,1.29,4.25,1.24,3.93,1.27,4.4
7,Cluj-Napoca,Transylvania Open,2/3/2026,WTA250,Indoor,Hard,1st Round,3,Cristian J.,Stefanini L.,35,140,1307,527,6,2,2,6,7,5,2,1,Completed,1.22,4.33,,,1.23,5,1.21,4.23,1.27,4.5
7,Cluj-Napoca,Transylvania Open,2/3/2026,WTA250,Indoor,Hard,2nd Round,3,Oliynykova O.,Bondar A.,91,64,805,973,6,4,6,4,,,2,0,Completed,2.5,1.53,,,3.1,1.53,2.51,1.5,2.54,1.64
7,Cluj-Napoca,Transylvania Open,2/3/2026,WTA250,Indoor,Hard,2nd Round,3,Yuan Y.,Sorribes Tormo S.,130,478,582,113,4,6,6,2,7,6,2,1,Completed,1.3,3.5,,,1.3,3.6,1.29,3.45,1.34,3.85
7,Cluj-Napoca,Transylvania Open,2/4/2026,WTA250,Indoor,Hard,2nd Round,3,Wang Xin.,Masarova R.,33,114,1356,649,6,4,6,2,,,2,0,Completed,1.2,4.5,,,1.25,4.5,1.22,4.04,1.26,4.7
7,Cluj-Napoca,Transylvania Open,2/4/2026,WTA250,Indoor,Hard,2nd Round,3,Potapova A.,Zakharova A.,58,107,1068,719,1,6,6,4,6,3,2,1,Completed,1.3,3.5,,,1.35,3.5,1.33,3.25,1.37,3.55
7,Cluj-Napoca,Transylvania Open,2/4/2026,WTA250,Indoor,Hard,2nd Round,3,Chwalinska M.,Danilovic O.,146,88,493,811,6,1,1,6,6,2,2,1,Completed,2.2,1.67,,,2.32,1.8,2.14,1.68,2.24,1.79
7,Cluj-Napoca,Transylvania Open,2/4/2026,WTA250,Indoor,Hard,2nd Round,3,Snigur D.,Cristian J.,144,35,516,1307,6,1,6,0,,,2,0,Completed,2.38,1.57,,,2.5,1.87,2.34,1.58,2.66,1.59
7,Cluj-Napoca,Transylvania Open,2/4/2026,WTA250,Indoor,Hard,2nd Round,3,Cirstea S.,Zidansek T.,36,153,1303,467,6,1,6,0,,,2,0,Completed,1.17,5,,,1.18,5.25,1.16,4.93,1.19,5.8
7,Cluj-Napoca,Transylvania Open,2/4/2026,WTA250,Indoor,Hard,2nd Round,3,Raducanu E.,Juvan K.,30,97,1547,778,7,5,6,1,,,2,0,Completed,1.22,4.33,,,1.3,4.33,1.28,3.61,1.28,4.3
7,Cluj-Napoca,Transylvania Open,2/5/2026,WTA250,Indoor,Hard,Quarterfinals,3,Oliynykova O.,Wang Xin.,91,33,805,1356,6,4,6,4,,,2,0,Completed,5.5,1.14,,,5.5,1.17,5.07,1.15,6.4,1.18
7,Cluj-Napoca,Transylvania Open,2/5/2026,WTA250,Indoor,Hard,Quarterfinals,3,Raducanu E.,Chwalinska M.,30,146,1547,493,6,0,6,4,,,2,0,Completed,1.22,4.33,,,1.25,4.5,1.21,4.23,1.25,4.8
7,Cluj-Napoca,Transylvania Open,2/5/2026,WTA250,Indoor,Hard,Quarterfinals,3,Cirstea S.,Potapova A.,36,58,1303,1068,7,5,6,4,,,2,0,Completed,1.44,2.75,,,1.45,3.5,1.42,2.8,1.5,2.96
7,Cluj-Napoca,Transylvania Open,2/5/2026,WTA250,Indoor,Hard,Quarterfinals,3,Snigur D.,Yuan Y.,144,130,516,582,4,6,6,0,7,5,2,1,Completed,1.5,2.63,,,1.52,2.75,1.49,2.56,1.58,2.68
7,Cluj-Napoca,Transylvania Open,2/6/2026,WTA250,Indoor,Hard,Semifinals,3,Raducanu E.,Oliynykova O.,30,91,1547,805,7,5,3,6,6,3,2,1,Completed,1.17,5,,,1.19,6,1.15,5.09,1.18,6.2
7,Cluj-Napoca,Transylvania Open,2/6/2026,WTA250,Indoor,Hard,Semifinals,3,Cirstea S.,Snigur D.,36,144,1303,516,6,0,6,3,,,2,0,Completed,1.33,3.4,,,1.36,3.5,1.34,3.17,1.37,3.6
7,Cluj-Napoca,Transylvania Open,2/7/2026,WTA250,Indoor,Hard,The Final,3,Cirstea S.,Raducanu E.,36,30,1303,1547,6,0,6,2,,,2,0,Completed,1.73,2.1,,,1.73,2.25,1.68,2.14,1.8,2.22
8,Ostrava,Ostrava Open,2/1/2026,WTA250,Indoor,Hard,1st Round,3,Avanesyan E.,Uchijima M.,169,87,421,822,6,3,2,6,6,3,2,1,Completed,2.75,1.44,,,2.75,1.6,2.51,1.51,2.6,1.6
8,Ostrava,Ostrava Open,2/1/2026,WTA250,Indoor,Hard,1st Round,3,Volynets K.,Klimovicova L.,96,131,783,569,6,2,6,1,,,2,0,Completed,2,1.8,,,2.02,1.85,1.98,1.8,2.06,1.92
8,Ostrava,Ostrava Open,2/1/2026,WTA250,Indoor,Hard,1st Round,3,Martincova T.,Galfi D.,459,90,120,806,2,6,6,3,7,5,2,1,Completed,3,1.4,,,3,1.45,2.83,1.41,2.86,1.51
8,Ostrava,Ostrava Open,2/1/2026,WTA250,Indoor,Hard,1st Round,3,Udvardy P.,Vidmanova D.,98,137,771,536,7,5,6,3,,,2,0,Completed,3.2,1.36,,,3.3,1.4,3.13,1.35,3.4,1.39
8,Ostrava,Ostrava Open,2/1/2026,WTA250,Indoor,Hard,1st Round,3,McNally C.,Lamens S.,71,105,896,720,6,3,7,5,,,2,0,Completed,1.29,3.75,,,1.32,3.75,1.3,3.5,1.35,3.7
8,Ostrava,Ostrava Open,2/2/2026,WTA250,Indoor,Hard,1st Round,3,Parry D.,Dodin O.,119,686,627,59,6,1,6,4,,,2,0,Completed,1.8,2,,,1.91,2.3,1.8,2,1.96,2
8,Ostrava,Ostrava Open,2/2/2026,WTA250,Indoor,Hard,1st Round,3,Parks A.,Grabher J.,85,78,830,859,7,6,6,2,,,2,0,Completed,1.36,3.2,,,1.4,3.5,1.35,3.14,1.41,3.35
8,Ostrava,Ostrava Open,2/2/2026,WTA250,Indoor,Hard,1st Round,3,Korpatsch T.,Siskova A.,124,255,600,274,6,4,6,4,,,2,0,Completed,1.57,2.38,,,1.67,2.65,1.6,2.3,1.7,2.38
8,Ostrava,Ostrava Open,2/2/2026,WTA250,Indoor,Hard,1st Round,3,Ferro F.,Fruhvirtova B.,281,1311,240,7,6,1,6,1,,,2,0,Completed,1.17,5,,,1.19,5.5,1.17,4.93,1.22,5.3
8,Ostrava,Ostrava Open,2/2/2026,WTA250,Indoor,Hard,1st Round,3,Bartunkova N.,Blinkova A.,108,75,712,868,6,4,6,4,,,2,0,Completed,1.53,2.5,,,1.55,2.63,1.51,2.48,1.59,2.68
8,Ostrava,Ostrava Open,2/2/2026,WTA250,Indoor,Hard,1st Round,3,Fruhvirtova L.,Barthel M.,121,215,618,333,7,6,6,4,,,2,0,Completed,1.62,2.3,,,1.67,2.6,1.57,2.36,1.58,2.7
8,Ostrava,Ostrava Open,2/3/2026,WTA250,Indoor,Hard,1st Round,3,Sramkova R.,Valdmannova V.,81,300,848,210,6,2,6,3,,,2,0,Completed,1.57,2.38,,,1.73,2.6,1.56,2.38,1.56,2.74
8,Ostrava,Ostrava Open,2/3/2026,WTA250,Indoor,Hard,1st Round,3,Boulter K.,Havlickova L.,120,276,624,244,6,4,3,6,6,1,2,1,Completed,1.67,2.2,,,1.67,2.3,1.62,2.25,1.75,2.3
8,Ostrava,Ostrava Open,2/3/2026,WTA250,Indoor,Hard,1st Round,3,Golubic V.,Kraus S.,89,104,810,727,6,4,6,0,,,2,0,Completed,1.36,3.2,,,1.38,3.5,1.35,3.07,1.39,3.5
8,Ostrava,Ostrava Open,2/3/2026,WTA250,Indoor,Hard,2nd Round,3,Volynets K.,Maria T.,96,54,783,1089,7,5,6,1,,,2,0,Completed,1.3,3.5,,,1.34,4,1.3,3.4,1.34,3.85
8,Ostrava,Ostrava Open,2/3/2026,WTA250,Indoor,Hard,2nd Round,3,McNally C.,Martincova T.,71,459,896,120,6,4,6,4,,,2,0,Completed,1.2,4.5,,,1.25,4.5,1.22,4.08,1.24,4.9
8,Ostrava,Ostrava Open,2/3/2026,WTA250,Indoor,Hard,2nd Round,3,Parks A.,Avanesyan E.,85,169,830,421,6,4,6,2,,,2,0,Completed,1.33,3.4,,,1.4,3.4,1.36,3.06,1.42,3.3
8,Ostrava,Ostrava Open,2/4/2026,WTA250,Indoor,Hard,2nd Round,3,Korpatsch T.,Arango E.,124,46,600,1142,6,3,6,4,,,2,0,Completed,1.53,2.5,,,1.54,2.9,1.5,2.53,1.59,2.66
8,Ostrava,Ostrava Open,2/4/2026,WTA250,Indoor,Hard,2nd Round,3,Boulter K.,Golubic V.,120,89,624,810,6,2,6,2,,,2,0,Completed,1.73,2.1,,,1.8,2.13,1.74,2.05,1.93,2.06
8,Ostrava,Ostrava Open,2/4/2026,WTA250,Indoor,Hard,2nd Round,3,Fruhvirtova L.,Sramkova R.,121,81,618,848,6,3,6,1,,,2,0,Completed,2.2,1.67,,,2.23,1.7,2.16,1.67,2.26,1.76
8,Ostrava,Ostrava Open,2/4/2026,WTA250,Indoor,Hard,2nd Round,3,Bartunkova N.,Ferro F.,108,281,712,240,6,4,3,6,6,1,2,1,Completed,1.36,3.2,,,1.47,3.2,1.39,2.92,1.4,3.4
8,Ostrava,Ostrava Open,2/4/2026,WTA250,Indoor,Hard,2nd Round,3,Parry D.,Udvardy P.,119,98,627,771,6,1,6,2,,,2,0,Completed,1.5,2.63,,,1.55,2.7,1.5,2.54,1.54,2.8
8,Ostrava,Ostrava Open,2/5/2026,WTA250,Indoor,Hard,Quarterfinals,3,Volynets K.,Parks A.,96,85,783,830,5,7,6,4,6,2,2,1,Completed,2.1,1.73,,,2.1,2.1,2.03,1.76,2.26,1.77
8,Ostrava,Ostrava Open,2/5/2026,WTA250,Indoor,Hard,Quarterfinals,3,Boulter K.,Fruhvirtova L.,120,121,624,618,6,3,6,2,,,2,0,Completed,1.67,2.2,,,1.67,2.42,1.62,2.28,1.76,2.28
8,Ostrava,Ostrava Open,2/5/2026,WTA250,Indoor,Hard,Quarterfinals,3,Parry D.,Bartunkova N.,119,108,627,712,6,1,6,3,,,2,0,Completed,2.63,1.5,,,2.63,1.57,2.5,1.51,2.92,1.51
8,Ostrava,Ostrava Open,2/5/2026,WTA250,Indoor,Hard,Quarterfinals,3,Korpatsch T.,McNally C.,124,71,600,896,6,4,6,2,,,2,0,Completed,3.75,1.29,,,4.33,1.3,3.63,1.28,4,1.3
8,Ostrava,Ostrava Open,2/6/2026,WTA250,Indoor,Hard,Semifinals,3,Boulter K.,Volynets K.,120,96,624,783,6,1,6,3,,,2,0,Completed,1.57,2.38,,,1.65,2.38,1.61,2.26,1.75,2.3
8,Ostrava,Ostrava Open,2/6/2026,WTA250,Indoor,Hard,Semifinals,3,Korpatsch T.,Parry D.,124,119,600,627,6,4,6,4,,,2,0,Completed,2.38,1.57,,,2.38,1.62,2.29,1.59,2.38,1.72
8,Ostrava,Ostrava Open,2/7/2026,WTA250,Indoor,Hard,The Final,3,Boulter K.,Korpatsch T.,120,124,624,600,5,7,6,2,6,1,2,1,Completed,1.5,2.63,,,1.5,2.75,1.46,2.66,1.53,2.84
9,Doha,Qatar Open,2/8/2026,WTA1000,Outdoor,Hard,1st Round,3,Frech M.,Samsonova L.,59,17,1033,2116,6,3,4,6,7,6,2,1,Completed,3,1.4,,,3,1.4,2.94,1.37,3.2,1.44
9,Doha,Qatar Open,2/8/2026,WTA1000,Outdoor,Hard,1st Round,3,Zvonareva V.,Stearns P.,580,55,83,1078,2,6,6,2,6,3,2,1,Completed,2.5,1.53,,,2.65,1.57,2.45,1.52,2.6,1.61
9,Doha,Qatar Open,2/8/2026,WTA1000,Outdoor,Hard,1st Round,3,Gracheva V.,Siegemund L.,73,51,887,1111,7,6,6,4,,,2,0,Completed,1.44,2.75,,,1.47,2.8,1.43,2.73,1.5,2.9
9,Doha,Qatar Open,2/8/2026,WTA1000,Outdoor,Hard,1st Round,3,Mertens E.,Pavlyuchenkova A.,22,110,1936,706,6,2,6,1,,,2,0,Completed,1.2,4.5,,,1.23,4.5,1.21,4.16,1.24,4.9
9,Doha,Qatar Open,2/8/2026,WTA1000,Outdoor,Hard,1st Round,3,Parks A.,Shnaider D.,77,21,872,1953,1,6,6,4,7,6,2,1,Completed,3.5,1.3,,,3.5,1.33,3.39,1.3,3.8,1.34
9,Doha,Qatar Open,2/8/2026,WTA1000,Outdoor,Hard,1st Round,3,Cocciaretto E.,Jacquemot E.,57,60,1063,1031,7,6,6,2,,,2,0,Completed,1.5,2.63,,,1.53,2.75,1.48,2.64,1.51,2.68
9,Doha,Qatar Open,2/8/2026,WTA1000,Outdoor,Hard,1st Round,3,Li A.,Fernandez L.A.,41,27,1243,1653,6,4,6,3,,,2,0,Completed,2.3,1.62,,,2.3,1.67,2.21,1.64,2.34,1.72
9,Doha,Qatar Open,2/8/2026,WTA1000,Outdoor,Hard,1st Round,3,Linette M.,Kartal S.,47,50,1179,1112,6,4,3,6,6,3,2,1,Completed,2.75,1.44,,,3,1.45,2.78,1.42,3,1.49
9,Doha,Qatar Open,2/8/2026,WTA1000,Outdoor,Hard,1st Round,3,Mboko V.,Bouzkova M.,13,37,2606,1285,7,5,6,2,,,2,0,Completed,1.44,2.75,,,1.5,2.75,1.45,2.66,1.51,2.92
9,Doha,Qatar Open,2/8/2026,WTA1000,Outdoor,Hard,1st Round,3,Pliskova Ka.,Sierra S.,418,62,147,987,6,1,6,2,,,2,0,Completed,1.8,2,,,1.82,2.15,1.76,2.03,1.84,2.14
9,Doha,Qatar Open,2/8/2026,WTA1000,Outdoor,Hard,1st Round,3,Kasatkina D.,Uchijima M.,61,88,997,810,4,6,6,3,6,0,2,1,Completed,1.5,2.63,,,1.53,3.8,1.46,2.73,1.57,2.68
9,Doha,Qatar Open,2/8/2026,WTA1000,Outdoor,Hard,1st Round,3,Muchova K.,Cristian J.,19,36,2058,1307,6,2,6,3,,,2,0,Completed,1.17,5,,,1.19,5.25,1.17,4.68,1.21,5.4
9,Doha,Qatar Open,2/9/2026,WTA1000,Outdoor,Hard,1st Round,3,Noskova L.,Joint M.,12,30,2626,1549,6,4,6,0,,,2,0,Completed,1.44,2.75,,,1.5,3.1,1.41,2.8,1.49,3
9,Doha,Qatar Open,2/9/2026,WTA1000,Outdoor,Hard,1st Round,3,Yastremska D.,Bucsa C.,42,56,1225,1069,6,4,4,6,7,6,2,1,Completed,1.67,2.2,,,1.67,2.63,1.63,2.24,1.72,2.36
9,Doha,Qatar Open,2/9/2026,WTA1000,Outdoor,Hard,1st Round,3,Wang Xin.,Arango E.,33,49,1383,1142,6,1,7,5,,,2,0,Completed,1.17,5,,,1.18,5.6,1.15,5.21,1.22,5.5
9,Doha,Qatar Open,2/9/2026,WTA1000,Outdoor,Hard,1st Round,3,Siniakova K.,Tauson C.,44,14,1207,2530,6,4,6,1,,,2,0,Completed,2.1,1.73,,,2.25,1.8,2.14,1.68,2.24,1.79
9,Doha,Qatar Open,2/9/2026,WTA1000,Outdoor,Hard,1st Round,3,Valentova T.,Eala A.,48,40,1175,1244,7,6,6,1,,,2,0,Completed,1.44,2.75,,,1.54,2.75,1.47,2.61,1.51,2.92
9,Doha,Qatar Open,2/9/2026,WTA1000,Outdoor,Hard,1st Round,3,Navarro E.,Maria T.,18,54,2095,1089,7,5,6,1,,,2,0,Completed,1.1,7,,,1.13,7.5,1.11,6.33,1.12,8.6
9,Doha,Qatar Open,2/9/2026,WTA1000,Outdoor,Hard,1st Round,3,Zheng Q.,Kenin S.,26,29,1658,1567,4,6,6,1,6,2,2,1,Completed,1.44,2.75,,,1.45,2.88,1.43,2.75,1.5,2.96
9,Doha,Qatar Open,2/9/2026,WTA1000,Outdoor,Hard,1st Round,3,Ostapenko J.,Zakharova A.,24,105,1860,737,6,7,6,3,6,4,2,1,Completed,1.8,2,,,1.8,2.35,1.7,2.12,1.87,2.12
9,Doha,Qatar Open,2/9/2026,WTA1000,Outdoor,Hard,1st Round,3,Sakkari M.,Sonmez Z.,52,85,1110,843,6,1,6,3,,,2,0,Completed,1.67,2.2,,,1.73,2.23,1.68,2.14,1.76,2.26
9,Doha,Qatar Open,2/9/2026,WTA1000,Outdoor,Hard,1st Round,3,Kalinskaya A.,Bouzas Maneiro J.,28,45,1575,1202,6,2,6,1,,,2,0,Completed,1.3,3.5,,,1.33,3.66,1.3,3.41,1.33,3.9
9,Doha,Qatar Open,2/9/2026,WTA1000,Outdoor,Hard,1st Round,3,Osorio M.,Raducanu E.,80,25,851,1700,2,6,6,4,2,0,1,1,Retired,1.91,1.91,,,1.91,1.95,1.87,1.9,1.95,2.02
9,Doha,Qatar Open,2/9/2026,WTA1000,Outdoor,Hard,1st Round,3,Tjen J.,Haddad Maia B.,46,67,1185,932,6,0,6,1,,,2,0,Completed,1.8,2,,,1.81,4,1.69,2.31,1.86,2.12
9,Doha,Qatar Open,2/9/2026,WTA1000,Outdoor,Hard,2nd Round,3,Pliskova Ka.,Anisimova A.,418,4,147,6680,5,7,7,6,4,1,1,1,Retired,6,1.13,,,6.5,1.14,5.75,1.13,6.8,1.16
9,Doha,Qatar Open,2/9/2026,WTA1000,Outdoor,Hard,2nd Round,3,Andreeva M.,Linette M.,7,47,4731,1179,7,6,6,1,,,2,0,Completed,1.13,6,,,1.14,7.5,1.12,5.83,1.16,6.8
9,Doha,Qatar Open,2/10/2026,WTA1000,Outdoor,Hard,2nd Round,3,Kasatkina D.,Mertens E.,61,22,997,1936,6,4,6,0,,,2,0,Completed,3.75,1.29,,,3.75,1.3,3.58,1.28,3.85,1.34
9,Doha,Qatar Open,2/10/2026,WTA1000,Outdoor,Hard,2nd Round,3,Li A.,Frech M.,41,59,1243,1033,6,3,6,4,,,2,0,Completed,1.53,2.5,,,1.6,2.55,1.53,2.46,1.64,2.54
9,Doha,Qatar Open,2/10/2026,WTA1000,Outdoor,Hard,2nd Round,3,Sakkari M.,Paolini J.,52,8,1110,4267,6,4,6,2,,,2,0,Completed,2.5,1.53,,,2.5,1.6,2.4,1.54,2.56,1.63
9,Doha,Qatar Open,2/10/2026,WTA1000,Outdoor,Hard,2nd Round,3,Ostapenko J.,Alexandrova E.,24,10,1860,3200,6,4,6,2,,,2,0,Completed,3,1.4,,,3.33,1.42,2.97,1.39,3.25,1.43
9,Doha,Qatar Open,2/10/2026,WTA1000,Outdoor,Hard,2nd Round,3,Cocciaretto E.,Gauff C.,57,5,1063,6423,6,4,6,2,,,2,0,Completed,9,1.07,,,9,1.1,7.69,1.08,10,1.1
9,Doha,Qatar Open,2/10/2026,WTA1000,Outdoor,Hard,2nd Round,3,Mboko V.,Zvonareva V.,13,580,2606,83,6,4,6,4,,,2,0,Completed,1.11,6.5,,,1.14,7,1.11,6.16,1.14,7.6
9,Doha,Qatar Open,2/10/2026,WTA1000,Outdoor,Hard,2nd Round,3,Gracheva V.,Noskova L.,73,12,887,2626,6,2,2,6,7,5,2,1,Completed,3.2,1.36,,,3.5,1.36,3.18,1.34,3.55,1.38
9,Doha,Qatar Open,2/10/2026,WTA1000,Outdoor,Hard,2nd Round,3,Svitolina E.,Yastremska D.,9,42,3205,1225,6,1,6,4,,,2,0,Completed,1.22,4.33,,,1.29,5.5,1.22,4.19,1.26,4.7
9,Doha,Qatar Open,2/10/2026,WTA1000,Outdoor,Hard,2nd Round,3,Swiatek I.,Tjen J.,2,46,7978,1185,6,0,6,3,,,2,0,Completed,1.05,11,,,1.08,11,1.06,8.92,1.09,11.5
9,Doha,Qatar Open,2/10/2026,WTA1000,Outdoor,Hard,2nd Round,3,Osorio M.,Siniakova K.,80,44,851,1207,6,2,5,7,6,3,2,1,Completed,2.3,1.62,,,2.3,1.68,2.23,1.63,2.4,1.69
9,Doha,Qatar Open,2/10/2026,WTA1000,Outdoor,Hard,2nd Round,3,Muchova K.,Valentova T.,19,48,2058,1175,6,1,6,4,,,2,0,Completed,1.44,2.75,,,1.57,2.8,1.46,2.69,1.48,3
9,Doha,Qatar Open,2/10/2026,WTA1000,Outdoor,Hard,2nd Round,3,Zheng Q.,Parks A.,26,77,1658,872,7,6,3,6,6,2,2,1,Completed,1.36,3.2,,,1.36,3.5,1.34,3.17,1.38,3.55
9,Doha,Qatar Open,2/10/2026,WTA1000,Outdoor,Hard,2nd Round,3,Rybakina E.,Wang Xin.,3,33,7523,1383,6,2,6,4,,,2,0,Completed,1.14,5.5,,,1.17,5.7,1.14,5.41,1.17,6.4
9,Doha,Qatar Open,2/10/2026,WTA1000,Outdoor,Hard,2nd Round,3,Kalinskaya A.,Navarro E.,28,18,1575,2095,7,5,2,6,6,2,2,1,Completed,1.53,2.5,,,1.6,2.6,1.54,2.44,1.62,2.56
9,Doha,Qatar Open,2/11/2026,WTA1000,Outdoor,Hard,3rd Round,3,Sakkari M.,Gracheva V.,52,73,1110,887,7,6,6,0,,,2,0,Completed,1.44,2.75,,,1.57,2.75,1.49,2.59,1.53,2.84
9,Doha,Qatar Open,2/11/2026,WTA1000,Outdoor,Hard,3rd Round,3,Cocciaretto E.,Li A.,57,41,1063,1243,7,6,5,7,6,4,2,1,Completed,2.1,1.73,,,2.3,1.73,2.12,1.68,2.3,1.75
9,Doha,Qatar Open,2/11/2026,WTA1000,Outdoor,Hard,3rd Round,3,Mboko V.,Andreeva M.,13,7,2606,4731,6,3,3,6,7,6,2,1,Completed,2.5,1.53,,,2.63,2.1,2.46,1.56,2.72,1.57
9,Doha,Qatar Open,2/11/2026,WTA1000,Outdoor,Hard,3rd Round,3,Ostapenko J.,Osorio M.,24,80,1860,851,6,3,6,1,,,2,0,Completed,1.73,2.1,,,2.75,2.13,1.86,1.97,1.89,2.1
9,Doha,Qatar Open,2/11/2026,WTA1000,Outdoor,Hard,3rd Round,3,Swiatek I.,Kasatkina D.,2,61,7978,997,5,7,6,1,6,1,2,1,Completed,1.03,15,,,1.05,15,1.04,11.12,1.05,17.5
9,Doha,Qatar Open,2/11/2026,WTA1000,Outdoor,Hard,3rd Round,3,Muchova K.,Pliskova Ka.,19,418,2058,147,5,2,,,,,0,0,Retired,1.22,4.33,,,1.23,5.5,1.2,4.47,1.23,5.2
9,Doha,Qatar Open,2/11/2026,WTA1000,Outdoor,Hard,3rd Round,3,Rybakina E.,Zheng Q.,3,26,7523,1658,4,6,6,2,7,5,2,1,Completed,1.17,5,,,1.17,5.6,1.15,5.28,1.17,6.4
9,Doha,Qatar Open,2/11/2026,WTA1000,Outdoor,Hard,3rd Round,3,Kalinskaya A.,Svitolina E.,28,9,1575,3205,6,4,6,3,,,2,0,Completed,3,1.4,,,3.3,1.4,3.12,1.35,3.3,1.42
9,Doha,Qatar Open,2/12/2026,WTA1000,Outdoor,Hard,Quarterfinals,3,Ostapenko J.,Cocciaretto E.,24,57,1860,1063,7,5,6,4,,,2,0,Completed,1.53,2.5,,,1.54,2.6,1.52,2.5,1.59,2.66
9,Doha,Qatar Open,2/12/2026,WTA1000,Outdoor,Hard,Quarterfinals,3,Sakkari M.,Swiatek I.,52,2,1110,7978,2,6,6,4,7,5,2,1,Completed,7,1.1,,,7.5,1.11,6.74,1.09,7.2,1.15
9,Doha,Qatar Open,2/12/2026,WTA1000,Outdoor,Hard,Quarterfinals,3,Mboko V.,Rybakina E.,13,3,2606,7523,7,5,4,6,6,4,2,1,Completed,3.5,1.3,,,3.75,1.33,3.39,1.31,3.8,1.35
9,Doha,Qatar Open,2/12/2026,WTA1000,Outdoor,Hard,Quarterfinals,3,Muchova K.,Kalinskaya A.,19,28,2058,1575,6,3,6,4,,,2,0,Completed,1.62,2.3,,,1.62,2.63,1.57,2.38,1.6,2.62
9,Doha,Qatar Open,2/13/2026,WTA1000,Outdoor,Hard,Semifinals,3,Mboko V.,Ostapenko J.,13,24,2606,1860,6,3,6,2,,,2,0,Completed,1.44,2.75,,,1.47,2.95,1.44,2.73,1.52,2.86
9,Doha,Qatar Open,2/13/2026,WTA1000,Outdoor,Hard,Semifinals,3,Muchova K.,Sakkari M.,19,52,2058,1110,3,6,6,4,6,1,2,1,Completed,1.36,3.2,,,1.37,3.3,1.35,3.12,1.43,3.2
9,Doha,Qatar Open,2/14/2026,WTA1000,Outdoor,Hard,The Final,3,Muchova K.,Mboko V.,19,13,2058,2606,6,4,7,5,,,2,0,Completed,2,1.8,,,2.07,1.81,2.01,1.77,2.14,1.86
